river_name,reach_id,node_id,lat,lon,width_m,max_width,n_chan_mod,dist_out
Nenana River,81246000021,81246000020011,64.52828581847072,-149.1362708803707,295,1620,2,1688751
Nenana River,81246000021,81246000020021,64.52668581050246,-149.13517369208213,129,129,1,1688927
Nenana River,81246000021,81246000020031,64.52524115977711,-149.1326468292947,138.5,138.5,1,1689150
Nenana River,81246000021,81246000020041,64.52365419136537,-149.13064691762148,284,284,1,1689334
Nenana River,81246000021,81246000020051,64.52203377562184,-149.13095826112044,228.5,228.5,1,1689522
Nenana River,81246000021,81246000020061,64.52028853252774,-149.13058993279282,202,202,1,1689756
Nenana River,81246000021,81246000020071,64.51856728191875,-149.12856219340935,153,153,1,1689948
Nenana River,81246000021,81246000020081,64.51697153348407,-149.1271666953234,108,108,1,1690151
Nenana River,81246000021,81246000020091,64.51552157478368,-149.12499917296975,129,129,1,1690340
Nenana River,81246000021,81246000020101,64.51407602427452,-149.12252383455322,160.5,160.5,1,1690542
Nenana River,81246000021,81246000020111,64.51248920868387,-149.12050453562722,264,264,1,1690753
Nenana River,81246000021,81246000020121,64.51104471693876,-149.11795062569934,190,190,1,1690949
Nenana River,81246000021,81246000020131,64.50973588601067,-149.1153241495803,175,175,1,1691131
Nenana River,81246000021,81246000020141,64.50814488195725,-149.11359038186427,189,1620,2,1691352
Nenana River,81246000021,81246000020151,64.50641635228702,-149.1120551092902,230,230,1,1691541
Nenana River,81246000021,81246000020161,64.50480820791718,-149.1115142854497,293.5,293.5,1,1691729
Nenana River,81246000021,81246000020171,64.50334328214349,-149.11350489935128,256,256,1,1691930
Nenana River,81246000021,81246000020181,64.50261845387892,-149.1174479606457,214,1620,2,1692147
Nenana River,81246000021,81246000020191,64.50171232628848,-149.1207935714944,177,177,1,1692351
Nenana River,81246000021,81246000020201,64.50006853638367,-149.12272795094688,143.5,143.5,1,1692541
Nenana River,81246000021,81246000020211,64.49841974248089,-149.123673987265,156,156,1,1692736
Nenana River,81246000021,81246000020221,64.4967989049219,-149.12534795053327,154.5,154.5,1,1692947
Nenana River,81246000021,81246000020231,64.4952883612003,-149.1273753696051,258,258,1,1693118
Nenana River,81246000021,81246000020241,64.49368112916254,-149.1278393625596,248,1620,2,1693350
Nenana River,81246000021,81246000020251,64.49218196885498,-149.1288113855499,205,205,1,1693526
Nenana River,81246000021,81246000020261,64.49043291677657,-149.1279079699623,90,90,1,1693742
Nenana River,81246000021,81246000020271,64.48868241760856,-149.12790269588797,137,137,1,1693924
Nenana River,81246000021,81246000020281,64.48704846320773,-149.129149540712,140,140,1,1694149
Nenana River,81246000021,81246000020291,64.48562441204834,-149.13189467401273,150,150,1,1694312
Nenana River,81246000021,81246000020301,64.48461571962928,-149.13480631764028,162,162,1,1694528
Nenana River,81246000021,81246000020311,64.48340932887638,-149.13804545469057,286,1620,2,1694733
Nenana River,81246000021,81246000020321,64.48179514090472,-149.13854377403894,343.5,343.5,1,1694925
Nenana River,81246000021,81246000020331,64.4802091362421,-149.13648439360918,234,234,1,1695141
Nenana River,81246000021,81246000020341,64.47875875856542,-149.13435673662394,237,237,1,1695314
Nenana River,81246000021,81246000020351,64.47744478337631,-149.13210675963222,275,275,1,1695511
Nenana River,81246000021,81246000020361,64.4758670711948,-149.12946906638476,256,256,1,1695737
Nenana River,81246000021,81246000020371,64.47412452064883,-149.12891442987015,284,284,1,1695919
Nenana River,81246000021,81246000020381,64.47236494915654,-149.12953554811764,298,298,1,1696142
Nenana River,81246000021,81246000020391,64.47072587161466,-149.13113426272076,291,291,1,1696321
Nenana River,81246000021,81246000020401,64.4692180833219,-149.13296412260127,345,345,1,1696523
Nenana River,81246000021,81246000020411,64.46757896158034,-149.13456304865085,315.5,315.5,1,1696713
Nenana River,81246000021,81246000020421,64.46582203886352,-149.13499965315964,342,342,1,1696927
Nenana River,81246000021,81246000020431,64.46394797064217,-149.13422961854803,298,298,1,1697143
Nenana River,81246000021,81246000020441,64.46221219532742,-149.13320899760149,288,288,1,1697325
Nenana River,81246000021,81246000020451,64.46047374355027,-149.13237250401303,214,214,1,1697540
Nenana River,81246000021,81246000020461,64.45872009673444,-149.13258360130462,313,313,1,1697726
Nenana River,81246000021,81246000020471,64.45696696595355,-149.13275908437024,336,336,1,1697938
Nenana River,81246000021,81246000020481,64.45521684772852,-149.13272684462098,396.5,1620,2,1698119
Nenana River,81246000021,81246000020491,64.45359099145536,-149.13341118420144,417.5,1620,2,1698313
Nenana River,81246000021,81246000020501,64.45195940398887,-149.13449002056333,496.5,496.5,1,1698508
Nenana River,81246000021,81246000020511,64.45031634123855,-149.13635781007918,509.5,1620,3,1698719
Nenana River,81246000021,81246000020521,64.44867386087638,-149.13818385717636,398.5,1620,5,1698916
Nenana River,81246000021,81246000020531,64.44703619399473,-149.1396774766101,478.5,1620,3,1699117
Nenana River,81246000021,81246000020541,64.4453918569733,-149.1416276741755,491,1620,3,1699325
Nenana River,81246000021,81246000020551,64.44374931192492,-149.1434530801486,597.5,1620,3,1699527
Nenana River,81246000021,81246000020561,64.44210795642583,-149.1451952309455,601.5,1620,3,1699728
Nenana River,81246000021,81246000020571,64.44046749065409,-149.14687490247744,644.5,1620,3,1699922
Nenana River,81246000021,81246000020581,64.43870628291023,-149.14760090247242,640,640,1,1700136
Nenana River,81246000021,81246000020591,64.43694177581423,-149.14855214512656,390.5,1620,2,1700328
Nenana River,81246000021,81246000020601,64.43530764961088,-149.14979547141695,289,1620,2,1700523
Nenana River,81246000021,81246000020611,64.43366682758477,-149.15149520645048,310,1620,2,1700725
Nenana River,81246000021,81246000020621,64.4320241615444,-149.1533192490531,262.5,1620,2,1700932
Nenana River,81246000021,81246000020631,64.43038299634509,-149.15503933013872,260,1620,3,1701124
Nenana River,81246000021,81246000020641,64.42875582058521,-149.15580475815352,262,1620,2,1701307
Nenana River,81246000021,81246000020651,64.42699613503707,-149.1564231821165,289,1620,2,1701521
Nenana River,81246000021,81246000020661,64.4251065091597,-149.15671977072859,392,1620,3,1701735
Nenana River,81246000021,81246000020671,64.4233636603211,-149.15619116645587,360,1620,3,1701915
Nenana River,81246000021,81246000020681,64.4217483562733,-149.1561473347472,737.5,1620,3,1702103
Nenana River,81246000021,81246000020691,64.4202529717491,-149.1578406828597,699,1620,4,1702303
Nenana River,81246000021,81246000020701,64.41892849842701,-149.16109639935289,461,1620,4,1702528
Nenana River,81246000021,81246000020711,64.41734410319675,-149.16261205629107,615,1620,4,1702709
Nenana River,81246000021,81246000020721,64.41559141445464,-149.1627528009887,458,1620,4,1702926
Nenana River,81246000021,81246000020731,64.41382554451741,-149.16378821060914,483.5,1620,2,1703113
Nenana River,81246000021,81246000020741,64.41206412191978,-149.164521333615,376,1620,2,1703327
Nenana River,81246000021,81246000020751,64.41030238969697,-149.16527509934198,316,1620,2,1703514
Nenana River,81246000021,81246000020761,64.40868188882438,-149.1655832482986,317,317,1,1703706
Nenana River,81246000021,81246000020771,64.40709165228672,-149.1638388560745,283.5,283.5,1,1703903
Nenana River,81246000021,81246000020781,64.40536627734512,-149.16212553704713,393,393,1,1704126
Nenana River,81246000021,81246000020791,64.40362043508351,-149.16180131759734,291,291,1,1704313
Nenana River,81246000021,81246000020801,64.40185941327898,-149.1625076584184,327,327,1,1704526
Nenana River,81246000021,81246000020811,64.40010096229679,-149.16303920736615,315.5,315.5,1,1704716
Nenana River,81246000021,81246000020821,64.39862518706359,-149.16485692069574,381,1620,2,1704912
Nenana River,81246000021,81246000020831,64.39740397011388,-149.16815941141246,395.5,1620,2,1705129
Nenana River,81246000021,81246000020841,64.39658661227851,-149.17182966848736,413.5,1620,2,1705316
Nenana River,81246000021,81246000020851,64.39593057072757,-149.17551247020637,370.5,1620,2,1705535
Nenana River,81246000021,81246000020861,64.39469081566895,-149.17883761070468,350,350,1,1705725
Nenana River,81246000021,81246000020871,64.39368695576124,-149.18186999010564,254,254,1,1705917
Nenana River,81246000021,81246000020881,64.39259998899892,-149.18551791586287,235,235,1,1706115
Nenana River,81246000031,81246000030011,64.39135779580009,-149.18900798124966,245.5,245.5,1,1706322
Nenana River,81246000031,81246000030021,64.38972394982927,-149.19080701014366,252,252,1,1706533
Nenana River,81246000031,81246000030031,64.38806285854479,-149.19322592218208,209,209,1,1706728
Nenana River,81246000031,81246000030041,64.3866670399532,-149.19531313432688,201.5,201.5,1,1706939
Nenana River,81246000031,81246000030051,64.38517401345418,-149.19789428025618,296,296,1,1707132
Nenana River,81246000031,81246000030061,64.38366255432678,-149.19990542547114,325.5,997,2,1707337
Nenana River,81246000031,81246000030071,64.38201961027396,-149.2017025935023,446.5,997,2,1707531
Nenana River,81246000031,81246000030081,64.38039934701271,-149.20198758998762,433.5,433.5,1,1707716
Nenana River,81246000031,81246000030091,64.37864471210784,-149.20225291257412,256,256,1,1707930
Nenana River,81246000031,81246000030101,64.37676592142843,-149.20181810571688,295,295,1,1708141
Nenana River,81246000031,81246000030111,64.37500955377055,-149.20219876880955,210,997,3,1708342
Nenana River,81246000031,81246000030121,64.373365336812,-149.20407806286025,219.5,219.5,1,1708538
Nenana River,81246000031,81246000030131,64.37174351213972,-149.20446637334786,78,78,1,1708722
Nenana River,81246000031,81246000030141,64.36999087245819,-149.20459835415895,189,189,1,1708941
Nenana River,81246000031,81246000030151,64.36823394413449,-149.20475959233428,212,212,1,1709125
Nenana River,81246000031,81246000030161,64.36688076836747,-149.20604575433669,171.5,171.5,1,1709346
Nenana River,81246000031,81246000030171,64.36533060773284,-149.2084884383965,136,136,1,1709557
Nenana River,81246000031,81246000030181,64.36441807563905,-149.21219006087532,155.5,155.5,1,1709741
Nenana River,81246000031,81246000030191,64.36384643202196,-149.21556360037906,317,317,1,1709935
Nenana River,81246000031,81246000030201,64.36238127403493,-149.21805676292377,324,997,3,1710135
Nenana River,81246000031,81246000030211,64.36061072570773,-149.21937051392084,417,997,3,1710360
Nenana River,81246000031,81246000030221,64.35884316652164,-149.22048602070458,540,540,1,1710559
Nenana River,81246000031,81246000030231,64.3573343510851,-149.22229949351055,399,399,1,1710737
Nenana River,81246000031,81246000030241,64.3558188570456,-149.22455145658557,393.5,393.5,1,1710961
Nenana River,81246000031,81246000030251,64.35430446254996,-149.22672869342796,277,277,1,1711139
Nenana River,81246000031,81246000030261,64.35293648982768,-149.22931114598694,297,297,1,1711349
Nenana River,81246000031,81246000030271,64.35203750570847,-149.2330973598229,360,360,1,1711568
Nenana River,81246000031,81246000030281,64.35054128969017,-149.23508296760767,270,270,1,1711755
Nenana River,81246000031,81246000030291,64.34878051161284,-149.23574489530247,284,284,1,1711969
Nenana River,81246000031,81246000030301,64.34701869312342,-149.23647470857557,403,403,1,1712153
Nenana River,81246000031,81246000030311,64.345394258587,-149.23702623251492,388.5,388.5,1,1712353
Nenana River,81246000031,81246000030321,64.34374991984197,-149.23888076807575,311,997,3,1712564
Nenana River,81246000031,81246000030331,64.34210239613415,-149.24094191178472,447,997,2,1712761
Nenana River,81246000031,81246000030341,64.34051275776237,-149.2429897738312,414,997,2,1712975
Nenana River,81246000031,81246000030351,64.33881993518953,-149.24423626833476,322,322,1,1713162
Nenana River,81246000031,81246000030361,64.33706436613313,-149.24455466970812,396,396,1,1713379
Nenana River,81246000031,81246000030371,64.33529788624072,-149.24558491570443,473.5,997,2,1713571
Nenana River,81246000031,81246000030381,64.33366390712345,-149.24675596536224,670,670,1,1713767
Nenana River,81246000031,81246000030391,64.33202071716455,-149.2485264433677,578,997,2,1713966
Nenana River,81246000031,81246000030401,64.33025371165868,-149.24958874407181,532,997,2,1714185
Nenana River,81246000031,81246000030411,64.32848846782639,-149.25053573828242,429,429,1,1714369
Nenana River,81246000031,81246000030421,64.3267302979717,-149.2510219509433,315,997,2,1714581
Nenana River,81246000031,81246000030431,64.32483694474784,-149.25154140091732,460,997,2,1714798
Nenana River,81246000031,81246000030441,64.3230789076308,-149.2520186359781,450,997,2,1714978
Nenana River,81246000031,81246000030451,64.3213314924016,-149.25180494685532,569,997,3,1715195
Nenana River,81246000031,81246000030461,64.31956759592913,-149.2526629316213,560,997,2,1715382
Nenana River,81246000031,81246000030471,64.31780560255949,-149.25339682884965,284,284,1,1715596
Nenana River,81246000031,81246000030481,64.31604101478392,-149.25429888306383,284.5,284.5,1,1715790
Nenana River,81246000031,81246000030491,64.31427123930999,-149.25553731480025,516,516,1,1716006
Nenana River,81246000031,81246000030501,64.31252014538941,-149.25556255235455,582,997,3,1716189
Nenana River,81246000031,81246000030511,64.31097065630549,-149.25706993413573,562,997,2,1716408
Nenana River,81246000031,81246000030521,64.30962013566598,-149.26022748237745,584,997,3,1716616
Nenana River,81246000031,81246000030531,64.3081023503724,-149.2625850611335,588,997,3,1716810
Nenana River,81246000031,81246000030541,64.3064778189753,-149.26313432131275,403.5,997,3,1716992
Nenana River,81246000031,81246000030551,64.30472124910959,-149.26351314538076,342,997,2,1717173
Nenana River,81246000041,81246000040011,64.3028297677429,-149.26390744088113,428,933,4,1717416
Nenana River,81246000041,81246000040021,64.3010802687004,-149.26382889314718,552,933,5,1717597
Nenana River,81246000041,81246000040031,64.29932620618236,-149.264045353962,523,933,3,1717809
Nenana River,81246000041,81246000040041,64.29743472239241,-149.26443953997074,418,933,2,1718023
Nenana River,81246000041,81246000040051,64.29567855867872,-149.26479162210168,340.5,340.5,1,1718211
Nenana River,81246000041,81246000040061,64.29392266782101,-149.26512597167903,406,933,2,1718424
Nenana River,81246000041,81246000040071,64.29218763543741,-149.26411247377922,482.5,933,2,1718616
Nenana River,81246000041,81246000040081,64.29045305228063,-149.26306960680176,461,461,1,1718828
Nenana River,81246000041,81246000040091,64.28869479172197,-149.26355733666807,429,429,1,1719014
Nenana River,81246000041,81246000040101,64.28694483299766,-149.263508361566,287,933,2,1719227
Nenana River,81246000041,81246000040111,64.28520673134095,-149.2626927793613,328,933,2,1719423
Nenana River,81246000041,81246000040121,64.28361729909321,-149.26097138193018,326,326,1,1719612
Nenana River,81246000041,81246000040131,64.28187704155174,-149.2602946205765,351,351,1,1719829
Nenana River,81246000041,81246000040141,64.28013591515024,-149.25967395211353,370.5,933,2,1720010
Nenana River,81246000041,81246000040151,64.27838658970067,-149.25958397347856,293,933,2,1720221
Nenana River,81246000041,81246000040161,64.27649757217709,-149.25981902346751,242,242,1,1720433
Nenana River,81246000041,81246000040171,64.27473963825962,-149.26028610299906,270,270,1,1720624
Nenana River,81246000041,81246000040181,64.273104903429,-149.2614950429177,441,441,1,1720812
Nenana River,81246000041,81246000040191,64.27136368449307,-149.26237348444374,349,933,2,1721034
Nenana River,81246000041,81246000040201,64.27008177395086,-149.26504801434243,276,276,1,1721223
Nenana River,81246000041,81246000040211,64.2689362982413,-149.26805214938537,254,254,1,1721415
Nenana River,81246000041,81246000040221,64.26771544180625,-149.27104984468403,339,933,2,1721616
Nenana River,81246000041,81246000040231,64.2665668247787,-149.27436300231386,314.5,933,2,1721844
Nenana River,81246000041,81246000040241,64.26517821668378,-149.27763133335944,254,933,2,1722045
Nenana River,81246000041,81246000040251,64.26367038502302,-149.27932839409243,304.5,933,2,1722229
Nenana River,81246000041,81246000040261,64.26204450130915,-149.2799583140743,250,933,2,1722428
Nenana River,81246000041,81246000040271,64.26052885083809,-149.28215406697916,190,933,2,1722628
Nenana River,81246000041,81246000040281,64.25900956134335,-149.28458052495986,202.5,933,2,1722842
Nenana River,81246000041,81246000040291,64.2573630230997,-149.28652961922737,293.5,933,2,1723041
Nenana River,81246000041,81246000040301,64.25559846429333,-149.28741294373089,170,933,2,1723253
Nenana River,81246000041,81246000040311,64.25385381089008,-149.28702386208323,145,145,1,1723438
Nenana River,81246000041,81246000040321,64.25226400969483,-149.28534429863456,272,272,1,1723652
Nenana River,81246000041,81246000040331,64.25067709043459,-149.28347939116773,205.5,205.5,1,1723839
Nenana River,81246000041,81246000040341,64.2489453468407,-149.28226320527102,222,222,1,1724060
Nenana River,81246000041,81246000040351,64.24721198476617,-149.2811502188022,310.5,310.5,1,1724246
Nenana River,81246000041,81246000040361,64.24547291668398,-149.28040245961208,375,933,2,1724458
Nenana River,81246000041,81246000040371,64.24371919022622,-149.28059395020165,404.5,933,4,1724641
Nenana River,81246000041,81246000040381,64.2419745598744,-149.28020253346742,422,933,2,1724856
Nenana River,81246000041,81246000040391,64.24021191941345,-149.28096508778256,324,933,3,1725042
Nenana River,81246000041,81246000040401,64.23846820805063,-149.2805148380926,204,204,1,1725258
Nenana River,81246000041,81246000040411,64.23673680140054,-149.27927584397102,190,190,1,1725454
Nenana River,81246000041,81246000040421,64.2350015302046,-149.27828421526826,285,285,1,1725665
Nenana River,81246000041,81246000040431,64.23324399378866,-149.27872003681875,306.5,306.5,1,1725861
Nenana River,81246000041,81246000040441,64.23160525062332,-149.28017331243487,331,933,2,1726050
Nenana River,81246000041,81246000040451,64.22985170564591,-149.28035297341148,263,263,1,1726261
Nenana River,81246000041,81246000040461,64.22797202010632,-149.27998602000667,189,189,1,1726475
Nenana River,81246000041,81246000040471,64.22623876928718,-149.27886522507,235,235,1,1726663
Nenana River,81246000041,81246000040481,64.22449183474923,-149.2786212818239,90,90,1,1726874
Nenana River,81246000041,81246000040491,64.222746275526,-149.27828912430388,128.5,128.5,1,1727056
Nenana River,81246000041,81246000040501,64.22099236323353,-149.27849237950207,123,123,1,1727271
Nenana River,81246000041,81246000040511,64.21922775430617,-149.27938097200828,108,108,1,1727463
Nenana River,81246000041,81246000040521,64.21746975388153,-149.2798459231474,121,121,1,1727673
Nenana River,81246000041,81246000040531,64.21563094322315,-149.2798182537732,175,933,2,1727873
Nenana River,81246000041,81246000040541,64.21407532920558,-149.28103888524512,123,933,2,1728056
Nenana River,81246000041,81246000040551,64.21220170220083,-149.2808588584137,151.5,151.5,1,1728272
Nenana River,81246000051,81246000050011,64.21033019789918,-149.27996798726443,153,153,1,1728482
Nenana River,81246000051,81246000050021,64.20874929092827,-149.27771519546323,211,582,2,1728678
Nenana River,81246000051,81246000050031,64.20715872167955,-149.2760801016207,275,582,3,1728880
Nenana River,81246000051,81246000050041,64.20557230201139,-149.27417765361906,315.5,582,2,1729082
Nenana River,81246000051,81246000050051,64.20398809846817,-149.27213137346624,228.5,582,2,1729280
Nenana River,81246000051,81246000050061,64.2023917027512,-149.27086727782924,238.5,238.5,1,1729466
Nenana River,81246000051,81246000050071,64.20080201161738,-149.26917123242066,170.5,582,2,1729677
Nenana River,81246000051,81246000050081,64.19921997234731,-149.26698156372547,99,99,1,1729873
Nenana River,81246000051,81246000050091,64.19761522375369,-149.26625291773462,94,94,1,1730060
Nenana River,81246000051,81246000050101,64.19587920803055,-149.26530470119903,78,582,2,1730273
Nenana River,81246000051,81246000050111,64.19412329778892,-149.2656379178758,83.5,83.5,1,1730474
Nenana River,81246000051,81246000050121,64.19260773845447,-149.26783737952434,105,105,1,1730671
Nenana River,81246000051,81246000050131,64.1910904203779,-149.27014768068568,114.5,114.5,1,1730872
Nenana River,81246000051,81246000050141,64.18946424643524,-149.2707971529143,94,94,1,1731061
Nenana River,81246000051,81246000050151,64.18782782070396,-149.2721046765425,71,71,1,1731260
Nenana River,81246000051,81246000050161,64.18619362774658,-149.27326809850828,129,129,1,1731449
Nenana River,81246000051,81246000050171,64.1845581424292,-149.2745136365313,309,309,1,1731648
Nenana River,81246000051,81246000050181,64.18278631372893,-149.2758655048786,194,582,2,1731863
Nenana River,81246000051,81246000050191,64.18103257968538,-149.27605693299552,288.5,582,2,1732053
Nenana River,81246000051,81246000050201,64.17929918944999,-149.2749442058694,362,582,3,1732265
Nenana River,81246000051,81246000050211,64.17741645176903,-149.2747721926512,255,582,3,1732475
Nenana River,81246000051,81246000050221,64.17567402976988,-149.27423825845582,241,582,2,1732665
Nenana River,81246000051,81246000050231,64.17413848793161,-149.27252752930082,200,582,2,1732869
Nenana River,81246000051,81246000050241,64.17308646366286,-149.26916880992354,203.5,582,2,1733065
Nenana River,81246000051,81246000050251,64.17247147479371,-149.26541382169157,138.5,138.5,1,1733270
Nenana River,81246000051,81246000050261,64.17155442823089,-149.26202542919444,180,180,1,1733470
Nenana River,81246000051,81246000050271,64.17052209002992,-149.25877194128583,138,138,1,1733660
Nenana River,81246000051,81246000050281,64.16922634778929,-149.2558265680038,102,102,1,1733868
Nenana River,81246000051,81246000050291,64.1677773222612,-149.2537333110451,103,103,1,1734045
Nenana River,81246000051,81246000050301,64.16618669048445,-149.2520873626636,95,95,1,1734265
Nenana River,81246000051,81246000050311,64.16445505497148,-149.25085050754782,104,104,1,1734460
Nenana River,81246000051,81246000050321,64.16286099195425,-149.2494250877996,111,111,1,1734651
Nenana River,81246000051,81246000050331,64.16126818038067,-149.24791764724577,139.5,139.5,1,1734847
Nenana River,81246000051,81246000050341,64.15952890823982,-149.24717437672209,237,582,2,1735069
Nenana River,81246000051,81246000050351,64.15779546367386,-149.24605260601857,303,582,2,1735262
Nenana River,81246000051,81246000050361,64.15619407436502,-149.24510031582307,283.5,582,3,1735446
Nenana River,81246000051,81246000050371,64.15445898628114,-149.24408445319327,225,582,3,1735660
Nenana River,81246000051,81246000050381,64.15271341299957,-149.24374951108064,232.5,582,2,1735840
Nenana River,81246000051,81246000050391,64.15096431534874,-149.24364349160084,250,582,2,1736052
Nenana River,81246000051,81246000050401,64.149229259417,-149.2426249880355,223.5,582,2,1736246
Nenana River,81246000051,81246000050411,64.14749888899397,-149.241301478899,217,217,1,1736467
Nenana River,81246000051,81246000050421,64.14576688211757,-149.24008374932586,124.5,124.5,1,1736662
Nenana River,81246000051,81246000050431,64.14416418678444,-149.23921436331796,160.5,160.5,1,1736846
Nenana River,81246000051,81246000050441,64.14241557855655,-149.23907640805436,156,156,1,1737061
Nenana River,81246000051,81246000050451,64.14065822544619,-149.23950750738803,270,270,1,1737244
Nenana River,81246000051,81246000050461,64.13890979675499,-149.23935782893776,242,242,1,1737459
Nenana River,81246000051,81246000050471,64.13716803796997,-149.23877409889084,193.5,582,2,1737643
Nenana River,81246000051,81246000050481,64.13543348318852,-149.2377212235819,157,582,2,1737862
Nenana River,81246000051,81246000050491,64.13370526706528,-149.23625499958487,195,582,2,1738055
Nenana River,81246000051,81246000050501,64.13225247715432,-149.23439125896041,191,191,1,1738255
Nenana River,81246000051,81246000050511,64.13130463611844,-149.23121189373836,169,169,1,1738437
Nenana River,81246000051,81246000050521,64.13097527615757,-149.22750690621805,112.5,112.5,1,1738660
Nenana River,81246000051,81246000050531,64.12984763232151,-149.22433410064627,84,84,1,1738830
Nenana River,81246000051,81246000050541,64.12854109083561,-149.22170209084229,159.5,159.5,1,1739036
Nenana River,81246000171,81246000170011,64.52927566528469,-149.13796559114158,54,607,2,1706305
Nenana River,81246000171,81246000170021,64.52893808469915,-149.141164762037,84,84,1,1706514
Nenana River,81246000171,81246000170031,64.52738821897218,-149.14318402919977,63,63,1,1706704
Nenana River,81246000171,81246000170041,64.52662417262223,-149.14682653632426,78,78,1,1706918
Nenana River,81246000171,81246000170051,64.5263586998668,-149.15087082072662,54,54,1,1707107
Nenana River,81246000171,81246000170061,64.52530478323038,-149.15392369495842,67,67,1,1707321
Nenana River,81246000171,81246000170071,64.52357734343441,-149.15444561766006,57,57,1,1707504
Nenana River,81246000171,81246000170081,64.52196236376206,-149.15438079537873,54,54,1,1707713
Nenana River,81246000171,81246000170091,64.52060002250572,-149.15729555548523,63,63,1,1707913
Nenana River,81246000171,81246000170101,64.52055405396614,-149.16104359933587,60,60,1,1708100
Nenana River,81246000171,81246000170111,64.51974614298304,-149.16409706340045,63,63,1,1708308
Nenana River,81246000171,81246000170121,64.5180488059858,-149.16413831863895,57.5,57.5,1,1708503
Nenana River,81246000171,81246000170131,64.51632300201231,-149.1624506115889,45,45,1,1708721
Nenana River,81246000171,81246000170141,64.51482028619995,-149.16329919538452,55.5,55.5,1,1708902
Nenana River,81246000171,81246000170151,64.5153349346882,-149.16615316146104,65.5,65.5,1,1709094
Nenana River,81246000171,81246000170161,64.51706420257638,-149.16699282948957,77,77,1,1709311
Nenana River,81246000171,81246000170171,64.51861036510053,-149.16880536326505,42,42,1,1709491
Nenana River,81246000171,81246000170181,64.51897731473444,-149.1724144405172,54,54,1,1709706
Nenana River,81246000171,81246000170191,64.51762648497926,-149.17452508025713,63,63,1,1709904
Nenana River,81246000171,81246000170201,64.51623465187966,-149.17697758142035,63,63,1,1710101
Nenana River,81246000171,81246000170211,64.515713247943,-149.18066624505238,51,51,1,1710289
Nenana River,81246000171,81246000170221,64.51494037159149,-149.18435550242828,52.5,52.5,1,1710506
Nenana River,81246000171,81246000170231,64.51376352625978,-149.1876746563711,42,42,1,1710699
Nenana River,81246000171,81246000170241,64.51229147322898,-149.1892279434695,45,45,1,1710888
Nenana River,81246000171,81246000170251,64.51055040843534,-149.18858548382062,48,48,1,1711110
Nenana River,81246000171,81246000170261,64.50913449664692,-149.19082936160706,58.5,58.5,1,1711299
Nenana River,81246000171,81246000170271,64.50955953835465,-149.19423862881888,69,69,1,1711502
Nenana River,81246000171,81246000170281,64.5111349070188,-149.19455258626442,57,57,1,1711694
Nenana River,81246000171,81246000170291,64.51271399429797,-149.19461687099906,69,69,1,1711890
Nenana River,81246000171,81246000170301,64.51312194158453,-149.19796273049747,76.5,76.5,1,1712083
Nenana River,81246000171,81246000170311,64.51208585695822,-149.2012132505436,48,48,1,1712284
Nenana River,81246000171,81246000170321,64.51035868311357,-149.2014462435015,54,54,1,1712497
Nenana River,81246000171,81246000170331,64.50873154879962,-149.20219320511487,46.5,46.5,1,1712689
Nenana River,81246000171,81246000170341,64.50859789220722,-149.2057242116036,58.5,58.5,1,1712889
Nenana River,81246000171,81246000170351,64.50908657683271,-149.2098263123646,60,60,1,1713102
Nenana River,81246000171,81246000170361,64.50885300336138,-149.21384924452204,46.5,46.5,1,1713298
Nenana River,81246000171,81246000170371,64.50757741028706,-149.21628760090823,42,42,1,1713486
Nenana River,81246000171,81246000170381,64.50582371687817,-149.21649066624929,45,45,1,1713700
Nenana River,81246000171,81246000170391,64.50409985850034,-149.2176930036106,45,45,1,1713895
Nenana River,81246000171,81246000170401,64.50344056601698,-149.22093069412165,54,54,1,1714081
Nenana River,81246000171,81246000170411,64.50380201508491,-149.22502197652096,48,48,1,1714296
Nenana River,81246000171,81246000170421,64.5035186624538,-149.22883166010203,42,42,1,1714492
Nenana River,81246000171,81246000170431,64.50185386618278,-149.22968387224336,63,63,1,1714703
Nenana River,81246000171,81246000170441,64.50013822781848,-149.22974334194438,42,42,1,1714881
Nenana River,81246000171,81246000170451,64.49947012576398,-149.23261361057277,36,36,1,1715106
Nenana River,81246000171,81246000170461,64.50052986305995,-149.23600284638252,42,42,1,1715281
Nenana River,81246000171,81246000170471,64.50075385183337,-149.23945779649944,52.5,52.5,1,1715469
Nenana River,81246000171,81246000170481,64.49972582644209,-149.24270600006156,42,42,1,1715682
Nenana River,81246000051,81246000050551,64.12681261926814,-149.22024308517885,185,582,2,1739255
Nenana River,81246000051,81246000050561,64.12505956080291,-149.2203966555311,142,582,2,1739441
Nenana River,81246000051,81246000050571,64.12346267696851,-149.2191392031356,149,149,1,1739632
Nenana River,81246000051,81246000050581,64.12159434614807,-149.21801946112384,233,582,2,1739845
Nenana River,81246000061,81246000060011,64.1195704102644,-149.21827406563884,185,429,2,1740059
Nenana River,81246000061,81246000060021,64.11782369075651,-149.2180115519528,173,173,1,1740250
Nenana River,81246000061,81246000060031,64.11622147466842,-149.21710331461622,162,162,1,1740437
Nenana River,81246000061,81246000060041,64.11449385758807,-149.21609131098714,166,166,1,1740639
Nenana River,81246000061,81246000060051,64.11304192128657,-149.2144089893689,138,429,2,1740856
Nenana River,81246000061,81246000060061,64.11144783592843,-149.21220506044895,137,429,2,1741049
Nenana River,81246000061,81246000060071,64.10985430084195,-149.21072309175045,151,151,1,1741243
Nenana River,81246000061,81246000060081,64.10826199491663,-149.20915925601466,127.5,127.5,1,1741433
Nenana River,81246000061,81246000060091,64.10666749319928,-149.20773916114857,79.5,79.5,1,1741648
Nenana River,81246000061,81246000060101,64.1052267492341,-149.2050584647891,148,148,1,1741840
Nenana River,81246000061,81246000060111,64.10392263465648,-149.20224514896708,169,429,2,1742053
Nenana River,81246000061,81246000060121,64.10247869161606,-149.19977004327276,137,429,2,1742241
Nenana River,81246000061,81246000060131,64.10073374553029,-149.19938877264457,184,184,1,1742453
Nenana River,81246000061,81246000060141,64.09897897281292,-149.19965776274253,149,429,2,1742638
Nenana River,81246000061,81246000060151,64.09723092649696,-149.19948157599993,155,429,2,1742862
Nenana River,81246000061,81246000060161,64.09549288060437,-149.19864354658318,119.5,119.5,1,1743070
Nenana River,81246000061,81246000060171,64.09404367142022,-149.19651377149475,96,96,1,1743243
Nenana River,81246000061,81246000060181,64.09244827145217,-149.19514608220817,92,92,1,1743456
Nenana River,81246000061,81246000060191,64.09070467838232,-149.19467447890133,114.5,114.5,1,1743638
Nenana River,81246000061,81246000060201,64.08910446476827,-149.19362504022683,98.5,98.5,1,1743843
Nenana River,81246000061,81246000060211,64.08766134964121,-149.19108613857202,84,84,1,1744052
Nenana River,81246000061,81246000060221,64.0862768044342,-149.18823202776767,97.5,97.5,1,1744245
Nenana River,81246000061,81246000060231,64.08476408246528,-149.18622279561637,172,172,1,1744466
Nenana River,81246000061,81246000060241,64.08301939016488,-149.186335018201,72,72,1,1744647
Nenana River,81246000061,81246000060251,64.0812721133725,-149.18610708550904,169,429,2,1744861
Nenana River,81246000061,81246000060261,64.07953103608975,-149.18546649190276,210,210,1,1745043
Nenana River,81246000061,81246000060271,64.07792859686239,-149.1845614226551,142,142,1,1745242
Nenana River,81246000061,81246000060281,64.07619603517006,-149.18335325171066,78,78,1,1745453
Nenana River,81246000061,81246000060291,64.0744605188046,-149.18234131370863,82,82,1,1745656
Nenana River,81246000061,81246000060301,64.07300921665801,-149.18033690615988,87,87,1,1745837
Nenana River,81246000061,81246000060311,64.07142759007206,-149.178040714926,84,84,1,1746067
Nenana River,81246000061,81246000060321,64.06983872831081,-149.17622579939723,117,117,1,1746252
Nenana River,81246000061,81246000060331,64.06853109518305,-149.17361403409987,127,127,1,1746453
Nenana River,81246000061,81246000060341,64.06722378272836,-149.17097793432652,84,84,1,1746641
Nenana River,81246000061,81246000060351,64.065645197152,-149.1684686096184,108,108,1,1746873
Nenana River,81246000061,81246000060361,64.06390294419812,-149.16790261982123,93,93,1,1747059
Nenana River,81246000061,81246000060371,64.06230343948756,-149.16679431596515,101,101,1,1747246
Nenana River,81246000061,81246000060381,64.06070697455884,-149.1654813962452,111.5,111.5,1,1747445
Nenana River,81246000061,81246000060391,64.05897785687121,-149.1640324187265,136,136,1,1747658
Nenana River,81246000061,81246000060401,64.05709832760083,-149.16364067308956,67,67,1,1747871
Nenana River,81246000061,81246000060411,64.05535783512869,-149.16295527381547,92,92,1,1748062
Nenana River,81246000061,81246000060421,64.05390351419256,-149.16113749308187,127,127,1,1748251
Nenana River,81246000061,81246000060431,64.05313945787196,-149.1576601201002,122,122,1,1748470
Nenana River,81246000061,81246000060441,64.05248485324866,-149.1544946926355,94,94,1,1748651
Nenana River,81246000061,81246000060451,64.05076545204237,-149.15480687699954,67,67,1,1748866
Nenana River,81246000061,81246000060461,64.04900970240944,-149.15514843043567,85,85,1,1749054
Nenana River,81246000061,81246000060471,64.04742040105145,-149.1533456598632,67,67,1,1749264
Nenana River,81246000061,81246000060481,64.04582259688918,-149.15211606549335,61.5,61.5,1,1749447
Nenana River,81246000061,81246000060491,64.04425470901593,-149.15068407718525,66,66,1,1749656
Nenana River,81246000061,81246000060501,64.04302815838966,-149.14766019436874,42,42,1,1749860
Nenana River,81246000061,81246000060511,64.04165752843586,-149.14417486731145,42,42,1,1750064
Nenana River,81246000071,81246000070931,63.9073855354379,-149.00104425294768,36,36,1,1768583
Nenana River,81246000071,81246000070921,63.90864097208661,-149.00374311240918,49.5,49.5,1,1768381
Nenana River,81246000071,81246000070911,63.90963121029247,-149.00717757061844,84,84,1,1768187
Nenana River,81246000071,81246000070901,63.91079421608363,-149.0103188318593,84,84,1,1767994
Nenana River,81246000071,81246000070891,63.911797133484235,-149.01373431758716,52.5,52.5,1,1767798
Nenana River,81246000071,81246000070881,63.91310331101955,-149.01664171448206,75.5,75.5,1,1767572
Nenana River,81246000071,81246000070871,63.914702901087615,-149.01781690763212,67,67,1,1767399
Nenana River,81246000071,81246000070861,63.916450067656584,-149.01806483510327,60,60,1,1767175
Nenana River,81246000071,81246000070851,63.91819212226432,-149.01867951020412,71,71,1,1766996
Nenana River,81246000071,81246000070841,63.91977833624682,-149.0208126113352,48,48,1,1766782
Nenana River,81246000071,81246000070831,63.921225209935585,-149.02327854903825,67,67,1,1766602
Nenana River,81246000071,81246000070821,63.92267904946692,-149.0252435000341,75,75,1,1766386
Nenana River,81246000071,81246000070811,63.924270012440225,-149.02703090133812,80,80,1,1766202
Nenana River,81246000071,81246000070801,63.92586152069848,-149.02877776118342,174.5,624,2,1765991
Nenana River,81246000071,81246000070791,63.92717167049117,-149.03138163409497,115.5,624,2,1765800
Nenana River,81246000071,81246000070781,63.928236189550105,-149.03421275940576,84,624,2,1765607
Nenana River,81246000071,81246000070771,63.92950930459977,-149.03752848306019,63,624,2,1765384
Nenana River,81246000071,81246000070761,63.931095809458384,-149.03962273881956,90,624,2,1765182
Nenana River,81246000071,81246000070751,63.932708116709954,-149.0398827865349,85.5,85.5,1,1765004
Nenana River,81246000071,81246000070741,63.93430434492711,-149.0412843833985,42,42,1,1764803
Nenana River,81246000071,81246000070731,63.93574614598073,-149.0440869692394,67,67,1,1764586
Nenana River,81246000071,81246000070721,63.93720412438163,-149.04574008239197,172.5,172.5,1,1764395
Nenana River,81246000071,81246000070711,63.93879107984102,-149.0477946147728,120,624,3,1764202
Nenana River,81246000071,81246000070701,63.94038319358915,-149.0494823979292,165,624,2,1763998
Nenana River,81246000071,81246000070691,63.94196893836382,-149.05161893919532,109,624,2,1763813
Nenana River,81246000071,81246000070681,63.94356216205316,-149.0532255657149,113,624,2,1763613
Nenana River,81246000071,81246000070671,63.94529269945357,-149.0546441455179,110,624,2,1763392
Nenana River,81246000071,81246000070661,63.94702512177155,-149.05592889378315,95,624,2,1763207
Nenana River,81246000071,81246000070651,63.948471145400696,-149.0584153715246,126,624,2,1763024
Nenana River,81246000071,81246000070641,63.94978161765342,-149.06096155392993,148,624,3,1762799
Nenana River,81246000071,81246000070631,63.9512409630236,-149.062506238986,195.5,624,3,1762617
Nenana River,81246000071,81246000070621,63.95269239049461,-149.06460588710547,225,624,2,1762420
Nenana River,81246000071,81246000070611,63.954133374572486,-149.0674360095641,169,169,1,1762196
Nenana River,81246000071,81246000070601,63.95544077169764,-149.07018711605886,84,84,1,1762008
Nenana River,81246000071,81246000070591,63.95651807370455,-149.07332989804127,63,63,1,1761807
Nenana River,81246000071,81246000070581,63.956766054064815,-149.07733042792464,75,75,1,1761612
Nenana River,81246000071,81246000070571,63.95652067793313,-149.0812944027657,129.5,129.5,1,1761434
Nenana River,81246000071,81246000070561,63.95649836453263,-149.08525741913812,80,80,1,1761216
Nenana River,81246000071,81246000070551,63.957611657303005,-149.0884619517352,60.5,60.5,1,1761014
Nenana River,81246000071,81246000070541,63.95920078430874,-149.08970367519714,61.5,61.5,1,1760825
Nenana River,81246000071,81246000070531,63.96081915871323,-149.08953843443066,60,60,1,1760603
Nenana River,81246000071,81246000070521,63.962457809862094,-149.08796531222302,73.5,73.5,1,1760416
Nenana River,81246000071,81246000070511,63.96419937069374,-149.08859705356062,48,48,1,1760231
Nenana River,81246000071,81246000070501,63.96593038613086,-149.08996057351501,51,51,1,1760014
Nenana River,81246000071,81246000070491,63.967667440884604,-149.09090444633594,51,51,1,1759813
Nenana River,81246000071,81246000070481,63.96942294178427,-149.09056851292473,58.5,58.5,1,1759609
Nenana River,81246000071,81246000070471,63.97117760124116,-149.09029085495806,67,67,1,1759435
Nenana River,81246000071,81246000070461,63.97280667712853,-149.08938261638198,101,101,1,1759219
Nenana River,81246000071,81246000070451,63.97418503544368,-149.08718047013286,84,624,2,1759037
Nenana River,81246000071,81246000070441,63.97570199267139,-149.084702344355,52.5,52.5,1,1758824
Nenana River,81246000071,81246000070431,63.97746853935332,-149.08359600803806,67,67,1,1758634
Nenana River,81246000071,81246000070421,63.979225949614296,-149.08312535530035,69,69,1,1758413
Nenana River,81246000071,81246000070411,63.9808507618209,-149.08251045257336,63,63,1,1758219
Nenana River,81246000071,81246000070401,63.9825982044505,-149.08273391573124,54,54,1,1758023
Nenana River,81246000071,81246000070391,63.98413990603135,-149.08490564550738,63,63,1,1757841
Nenana River,81246000071,81246000070381,63.98496888577188,-149.08831582607934,111,624,2,1757642
Nenana River,81246000071,81246000070371,63.9857948104831,-149.0920571631681,76.5,76.5,1,1757421
Nenana River,81246000071,81246000070361,63.98699735372473,-149.09520135012264,63,63,1,1757237
Nenana River,81246000071,81246000070351,63.98845625539993,-149.09675398378621,72,72,1,1757026
Nenana River,81246000071,81246000070341,63.98990686756133,-149.0988786513382,84,84,1,1756821
Nenana River,81246000071,81246000070331,63.991214472399164,-149.10157757791342,84,84,1,1756651
Nenana River,81246000071,81246000070321,63.99266009826115,-149.1040417708268,42,42,1,1756416
Nenana River,81246000071,81246000070311,63.99409927711706,-149.10694743064545,42,42,1,1756231
Nenana River,81246000071,81246000070301,63.9954088658679,-149.10950006142247,36,36,1,1756030
Nenana River,81246000071,81246000070291,63.99699626128809,-149.1114673889178,45,45,1,1755857
Nenana River,81246000071,81246000070281,63.99872840378051,-149.11274055573335,63,63,1,1755657
Nenana River,81246000071,81246000070271,64.00020840791655,-149.11283190098584,71,71,1,1755451
Nenana River,81246000071,81246000070261,64.00182237840433,-149.1129713611596,54,54,1,1755235
Nenana River,81246000071,81246000070251,64.00359605127363,-149.11138999312405,87,87,1,1755043
Nenana River,81246000071,81246000070241,64.0052248371277,-149.11051058761737,67,67,1,1754841
Nenana River,81246000071,81246000070231,64.00682123284236,-149.11185859792053,42,42,1,1754636
Nenana River,81246000071,81246000070221,64.00841107281066,-149.1136563661403,45,45,1,1754444
Nenana River,81246000071,81246000070211,64.01000446165743,-149.11520908503618,51,51,1,1754233
Nenana River,81246000071,81246000070201,64.01159753383892,-149.11678242639354,71,71,1,1754065
Nenana River,81246000071,81246000070191,64.01303817493452,-149.1195721702079,42,42,1,1753832
Nenana River,81246000071,81246000070181,64.01434788967914,-149.12210260161785,48,48,1,1753650
Nenana River,81246000071,81246000070171,64.0158003288592,-149.12407929308893,51,51,1,1753464
Nenana River,81246000071,81246000070161,64.0175216208896,-149.1260871712437,42,42,1,1753233
Nenana River,81246000071,81246000070151,64.01926846493106,-149.12634871291917,67,67,1,1753041
Nenana River,81246000071,81246000070141,64.0209054131361,-149.1249176524516,75,75,1,1752871
Nenana River,81246000071,81246000070131,64.0226604629107,-149.1246183382164,60,60,1,1752651
Nenana River,81246000071,81246000070121,64.02440316274888,-149.1251632163437,52.5,52.5,1,1752462
Nenana River,81246000071,81246000070111,64.02616252742946,-149.1245688083955,48,48,1,1752257
Nenana River,81246000071,81246000070101,64.0279158665441,-149.1243862841301,30,30,1,1752075
Nenana River,81246000071,81246000070091,64.02965946296425,-149.12486990320576,54,54,1,1751861
Nenana River,81246000071,81246000070081,64.0312583306764,-149.12604110593338,42,42,1,1751663
Nenana River,81246000071,81246000070071,64.03264539277005,-149.12880057477798,63,63,1,1751453
Nenana River,81246000071,81246000070061,64.03353842086976,-149.13218608924507,96,96,1,1751271
Nenana River,81246000071,81246000070051,64.03453988286961,-149.13551869661833,63,63,1,1751070
Nenana River,81246000071,81246000070041,64.03577503041045,-149.13882847545463,118.5,118.5,1,1750859
Nenana River,81246000071,81246000070031,64.03682721094475,-149.14175586983637,58.5,58.5,1,1750670
Nenana River,81246000071,81246000070021,64.03843062139764,-149.14200174454496,71.5,71.5,1,1750466
Nenana River,81246000071,81246000070011,64.04017275960103,-149.14101470094283,36,36,1,1750253
Nenana River,81246000091,81246000090011,63.902311608769445,-148.99856315388885,87,87,1,1769154
Nenana River,81246000091,81246000090021,63.90056388001151,-148.99835437905352,51,51,1,1769367
Nenana River,81246000091,81246000090031,63.898811292361934,-148.99849755953298,63,63,1,1769548
Nenana River,81246000091,81246000090041,63.89707090662529,-148.99775663269335,63,63,1,1769774
Nenana River,81246000091,81246000090051,63.89548027187551,-148.9959214523669,87,87,1,1769957
Nenana River,81246000091,81246000090061,63.894170640431,-148.99323669020296,84,84,1,1770169
Nenana River,81246000091,81246000090071,63.89286734088521,-148.99008809033535,63,63,1,1770377
Nenana River,81246000091,81246000090081,63.89185516168053,-148.98665475792794,85,551,2,1770570
Nenana River,81246000091,81246000090091,63.891394179686436,-148.98295498343748,117.5,551,2,1770772
Nenana River,81246000091,81246000090101,63.890664038681734,-148.97923637739135,52.5,52.5,1,1770980
Nenana River,81246000091,81246000090111,63.88969227924278,-148.9761121467949,63,63,1,1771150
Nenana River,81246000091,81246000090121,63.88838305328547,-148.97337187393745,45,45,1,1771359
Nenana River,81246000091,81246000090131,63.886636706978216,-148.97306011487777,30,30,1,1771591
Nenana River,81246000091,81246000090141,63.88499014628663,-148.97530497815876,63,551,2,1771778
Nenana River,81246000091,81246000090151,63.883486838987984,-148.97691837628358,67.5,551,2,1771978
Nenana River,81246000091,81246000090161,63.88185159631339,-148.97833088009142,78,78,1,1772166
Nenana River,81246000091,81246000090171,63.88026174679118,-148.97707858923044,79.5,79.5,1,1772391
Nenana River,81246000091,81246000090181,63.87916094955725,-148.97353924729808,65,65,1,1772586
Nenana River,81246000091,81246000090191,63.87860757698682,-148.97014036286774,63,63,1,1772762
Nenana River,81246000091,81246000090201,63.87742808742808,-148.9669625561456,58.5,58.5,1,1772986
Nenana River,81246000091,81246000090211,63.875841605463414,-148.96479504355446,61,61,1,1773177
Nenana River,81246000091,81246000090221,63.87409973273752,-148.96415271212456,42,42,1,1773391
Nenana River,81246000091,81246000090231,63.8723622333693,-148.96318792783816,54,54,1,1773574
Nenana River,81246000091,81246000090241,63.87061865670477,-148.9626707204043,36,36,1,1773790
Nenana River,81246000091,81246000090251,63.86888228863174,-148.9616218939647,48,48,1,1773973
Nenana River,81246000091,81246000090261,63.86728524769645,-148.96022814872467,75,75,1,1774194
Nenana River,81246000091,81246000090271,63.8659055297631,-148.95750220338522,69,551,2,1774371
Nenana River,81246000091,81246000090281,63.86488851248916,-148.95423996998466,76.5,76.5,1,1774602
Nenana River,81246000091,81246000090291,63.86350143020015,-148.95125353112266,75,75,1,1774795
Nenana River,81246000091,81246000090301,63.86204978616184,-148.9490566420483,67,67,1,1774986
Nenana River,81246000091,81246000090311,63.86031229688506,-148.94808449727012,45,45,1,1775198
Nenana River,81246000091,81246000090321,63.85856228372463,-148.9480418579524,45,45,1,1775386
Nenana River,81246000091,81246000090331,63.856924573451835,-148.94965809306936,42,42,1,1775606
Nenana River,81246000091,81246000090341,63.85543077984994,-148.95218346701958,63,63,1,1775785
Nenana River,81246000091,81246000090351,63.85403066308908,-148.95398030627297,63,63,1,1776001
Nenana River,81246000091,81246000090361,63.85244026513935,-148.9526597089574,84,84,1,1776186
Nenana River,81246000091,81246000090371,63.851292233896515,-148.9499190918626,84,84,1,1776382
Nenana River,81246000091,81246000090381,63.850095591509614,-148.94678475446435,127,127,1,1776594
Nenana River,81246000091,81246000090391,63.84882354021429,-148.9436454790542,84,551,2,1776791
Nenana River,81246000091,81246000090401,63.84786736069827,-148.94024347850117,90,551,2,1776992
Nenana River,81246000091,81246000090411,63.84656717644312,-148.93879106652335,90,90,1,1777211
Nenana River,81246000091,81246000090421,63.84508111358249,-148.94155662254158,63,63,1,1777408
Nenana River,81246000091,81246000090431,63.84404406626913,-148.94484102119716,48,48,1,1777612
Nenana River,81246000091,81246000090441,63.84343873297374,-148.94846012741982,39,39,1,1777801
Nenana River,81246000091,81246000090451,63.84345299513138,-148.95206099354107,43.5,43.5,1,1778002
Nenana River,81246000091,81246000090461,63.841917497800516,-148.9540812772986,54,54,1,1778217
Nenana River,81246000091,81246000090471,63.840158260991835,-148.9547203859607,58.5,58.5,1,1778404
Nenana River,81246000091,81246000090481,63.83852735178824,-148.95582730871894,48,48,1,1778594
Nenana River,81246000091,81246000090491,63.836766771635325,-148.95656490859938,45,45,1,1778808
Nenana River,81246000091,81246000090501,63.83487833259692,-148.95679974749655,30,30,1,1779025
Nenana River,81246000091,81246000090511,63.833147175200956,-148.95801555731853,54,54,1,1779219
Nenana River,81246000091,81246000090521,63.83240490255608,-148.96111520516828,54,54,1,1779400
Nenana River,81246000091,81246000090531,63.83241900622028,-148.96508063303938,45,45,1,1779612
Nenana River,81246000091,81246000090541,63.832068979716446,-148.9686546675343,36,36,1,1779801
Nenana River,81246000091,81246000090551,63.83053955796902,-148.96889343338228,48,48,1,1779998
Nenana River,81246000091,81246000090561,63.82908877484029,-148.96665356779073,63,63,1,1780206
Nenana River,81246000091,81246000090571,63.82765109675552,-148.9634472776336,61.5,61.5,1,1780425
Nenana River,81246000091,81246000090581,63.826038615202776,-148.96319265000565,51,51,1,1780633
Nenana River,81246000091,81246000090591,63.82439742608608,-148.96504984773466,42,42,1,1780824
Nenana River,81246000091,81246000090601,63.82277555584135,-148.96548553627034,60.5,60.5,1,1781009
Nenana River,81246000091,81246000090611,63.8211766044752,-148.96423601548148,60.5,60.5,1,1781214
Nenana River,81246000091,81246000090621,63.8197293289856,-148.96173320919831,42,42,1,1781422
Nenana River,81246000091,81246000090631,63.818424969386925,-148.95861878891412,42,42,1,1781630
Nenana River,81246000091,81246000090641,63.81734689092266,-148.9554959656805,36,36,1,1781809
Nenana River,81246000091,81246000090651,63.816240472476046,-148.9523017646829,36,36,1,1782024
Nenana River,81246000091,81246000090661,63.81460917797105,-148.9520146691135,33,33,1,1782211
Nenana River,81246000091,81246000090671,63.81285104327468,-148.95257213369774,42,42,1,1782431
Nenana River,81246000091,81246000090681,63.811258945388545,-148.95080769057753,36,36,1,1782623
Nenana River,81246000091,81246000090691,63.809807545114545,-148.94859464339658,42,42,1,1782816
Nenana River,81246000091,81246000090701,63.808335706247135,-148.9465632416,42,42,1,1783026
Nenana River,81246000091,81246000090711,63.80750483131959,-148.94293092605395,42,42,1,1783228
Nenana River,81246000091,81246000090721,63.80663907838869,-148.93921519129935,42,42,1,1783445
Nenana River,81246000091,81246000090731,63.80555747859448,-148.93578954251478,42,42,1,1783641
Nenana River,81246000091,81246000090741,63.8044678087463,-148.93269263286797,42,42,1,1783837
Nenana River,81246000091,81246000090751,63.8030490117273,-148.9304386190199,43.5,43.5,1,1784027
Nenana River,81246000091,81246000090761,63.8014764366107,-148.93122456830184,43.5,43.5,1,1784234
Nenana River,81246000091,81246000090771,63.80004330211363,-148.93299473896604,30,30,1,1784434
Nenana River,81246000091,81246000090781,63.798647331412724,-148.93064517201967,52.5,52.5,1,1784623
Nenana River,81246000091,81246000090791,63.79728677732958,-148.92833015907385,42,42,1,1784840
Nenana River,81246000091,81246000090801,63.79553902349908,-148.92811792753523,36,36,1,1785029
Nenana River,81246000091,81246000090811,63.794173704781976,-148.92615683058736,42,42,1,1785241
Nenana River,81246000091,81246000090821,63.792911301531035,-148.9232081416008,48,48,1,1785440
Nenana River,81246000091,81246000090831,63.79115508378845,-148.92363079974052,36,36,1,1785657
Nenana River,81246000091,81246000090841,63.78939681745487,-148.9242069747426,39,39,1,1785839
Nenana River,81246000091,81246000090851,63.78778803280219,-148.92367108315105,36,36,1,1786033
Nenana River,81246000091,81246000090861,63.7863449643844,-148.921612084735,36,36,1,1786229
Nenana River,81246000091,81246000090871,63.785301425885706,-148.9182652586525,42,42,1,1786439
Nenana River,81246000091,81246000090881,63.78413006852899,-148.91453253226297,42,42,1,1786647
Nenana River,81246000101,81246000100011,63.78256380744153,-148.9114633904677,42,42,1,1786851
Nenana River,81246000101,81246000100021,63.78082771933922,-148.9103689255848,30,30,1,1787062
Nenana River,81246000101,81246000100031,63.77907893426081,-148.91023325365106,30,30,1,1787242
Nenana River,81246000101,81246000100041,63.777329918561854,-148.91011497744472,30,30,1,1787452
Nenana River,81246000101,81246000100051,63.77557821889891,-148.91019942458425,33,33,1,1787635
Nenana River,81246000101,81246000100061,63.77382383520644,-148.91048656691405,30,30,1,1787845
Nenana River,81246000101,81246000100071,63.77206918185877,-148.9107939349843,36,36,1,1788035
Nenana River,81246000101,81246000100081,63.770300486853635,-148.91216095609852,54,54,1,1788258
Nenana River,81246000101,81246000100091,63.76853623371857,-148.9131919795175,33,33,1,1788443
Nenana River,81246000101,81246000100101,63.76702031625655,-148.91242002659462,36,36,1,1788646
Nenana River,81246000101,81246000100111,63.76562307404083,-148.9094657154206,42,42,1,1788860
Nenana River,81246000101,81246000100121,63.76403218665717,-148.9075735171414,54,54,1,1789049
Nenana River,81246000101,81246000100131,63.762428688050285,-148.90663383360314,42,42,1,1789235
Nenana River,81246000101,81246000100141,63.76083213988304,-148.90516749332997,39,39,1,1789454
Nenana River,81246000101,81246000100151,63.759387973530956,-148.90235703831053,69,69,1,1789647
Nenana River,81246000101,81246000100161,63.75793852197836,-148.89994393867462,42,42,1,1789855
Nenana River,81246000101,81246000100171,63.75634163901589,-148.89849845463448,33,33,1,1790038
Nenana River,81246000101,81246000100181,63.7545878439597,-148.89874273466526,36,36,1,1790250
Nenana River,81246000101,81246000100191,63.75270289809989,-148.89872043260127,30,30,1,1790460
Nenana River,81246000101,81246000100201,63.75094201767414,-148.89921034379637,75,75,1,1790665
Nenana River,81246000101,81246000100211,63.75084799007053,-148.90254881974286,51,51,1,1790865
Nenana River,81246000101,81246000100221,63.751185527285934,-148.90622040818346,36,36,1,1791052
Nenana River,81246000101,81246000100231,63.750420814639256,-148.90973657002192,42,42,1,1791264
Nenana River,81246000101,81246000100241,63.74889583208693,-148.911680879883,54,54,1,1791451
Nenana River,81246000101,81246000100251,63.74713660646926,-148.9123321969518,45,45,1,1791663
Nenana River,81246000101,81246000100261,63.74545788719248,-148.9116512285393,54,54,1,1791863
Nenana River,81246000101,81246000100271,63.7448299808046,-148.90822418385653,45,45,1,1792052
Nenana River,81246000101,81246000100281,63.74411577773527,-148.9045280318162,52.5,52.5,1,1792273
Nenana River,81246000101,81246000100291,63.74309299651059,-148.9014193010646,91.5,381,2,1792438
Nenana River,81246000101,81246000100301,63.74207014301465,-148.89831080183998,112.5,112.5,1,1792656
Nenana River,81246000101,81246000100311,63.74085731052477,-148.89496689636468,84,84,1,1792873
Nenana River,81246000101,81246000100321,63.73971479284123,-148.89207377432973,84,84,1,1793038
Nenana River,81246000101,81246000100331,63.738553214659206,-148.88926067426254,42,42,1,1793250
Nenana River,81246000101,81246000100341,63.737314317027085,-148.88583480186523,42,42,1,1793465
Nenana River,81246000101,81246000100351,63.736477173166165,-148.88243595586442,84,84,1,1793643
Nenana River,81246000101,81246000100361,63.73558971665375,-148.8790339809366,52.5,52.5,1,1793853
Nenana River,81246000101,81246000100371,63.73462652141944,-148.87565151259028,42,42,1,1794042
Nenana River,81246000101,81246000100381,63.73323987410336,-148.87334738342716,42,42,1,1794241
Nenana River,81246000101,81246000100391,63.73150884245623,-148.87184374133514,45,45,1,1794455
Nenana River,81246000101,81246000100401,63.729760940536295,-148.87163844667137,92,92,1,1794643
Nenana River,81246000101,81246000100411,63.72837032307414,-148.87354596703653,77,77,1,1794851
Nenana River,81246000101,81246000100421,63.7281697977322,-148.87732616076786,54,54,1,1795039
Nenana River,81246000101,81246000100431,63.727214540283796,-148.88036171527762,43.5,43.5,1,1795242
Nenana River,81246000101,81246000100441,63.72548191869692,-148.8796737865228,54,54,1,1795463
Nenana River,81246000101,81246000100451,63.72372644807569,-148.88004906345222,51,51,1,1795673
Nenana River,81246000101,81246000100461,63.72243657698469,-148.88271754344413,42,42,1,1795855
Nenana River,81246000101,81246000100471,63.72140447609477,-148.88599019637164,79.5,79.5,1,1796067
Nenana River,81246000101,81246000100481,63.72010347213137,-148.88867770576286,58.5,58.5,1,1796259
Nenana River,81246000101,81246000100491,63.71850058399843,-148.8883683421519,83.5,83.5,1,1796451
Nenana River,81246000101,81246000100501,63.7170436181226,-148.8865137627468,54,54,1,1796651
Nenana River,81246000101,81246000100511,63.71573161691725,-148.88318295548186,105,105,1,1796868
Nenana River,81246000101,81246000100521,63.71512439006724,-148.8794983611331,94,94,1,1797055
Nenana River,81246000101,81246000100531,63.71497846553666,-148.87554079927077,67,67,1,1797269
Nenana River,81246000101,81246000100541,63.71474273893818,-148.87157735651195,67,67,1,1797455
Nenana River,81246000101,81246000100551,63.71432357567312,-148.8679055664256,55.5,55.5,1,1797657
Nenana River,81246000101,81246000100561,63.71315224993302,-148.86477147040327,63,63,1,1797858
Nenana River,81246000101,81246000100571,63.71153614580593,-148.86478653250984,65.5,65.5,1,1798074
Nenana River,81246000101,81246000100581,63.710023669855545,-148.86719697879175,96,96,1,1798260
Nenana River,81246000101,81246000100591,63.7085644274078,-148.86935622661102,63,63,1,1798467
Nenana River,81246000101,81246000100601,63.7071365603346,-148.87176309752616,54,54,1,1798663
Nenana River,81246000101,81246000100611,63.70551414792779,-148.87226310600386,71,71,1,1798859
Nenana River,81246000101,81246000100621,63.7040667319695,-148.86965801789114,84,84,1,1799075
Nenana River,81246000101,81246000100631,63.70422661243449,-148.86632931304857,73.5,73.5,1,1799269
Nenana River,81246000101,81246000100641,63.70533222700826,-148.86344730396968,63,63,1,1799465
Nenana River,81246000101,81246000100651,63.706327183898914,-148.86009230556962,63,63,1,1799654
Nenana River,81246000101,81246000100661,63.70633448772693,-148.85614615029323,94,94,1,1799875
Nenana River,81246000101,81246000100671,63.70592651748637,-148.852172841278,87,87,1,1800059
Nenana River,81246000101,81246000100681,63.70609762215695,-148.84823742009394,90,90,1,1800273
Nenana River,81246000101,81246000100691,63.706521056281275,-148.84431838186188,97.5,97.5,1,1800460
Nenana River,81246000101,81246000100701,63.70685980926462,-148.8403937371979,120,120,1,1800670
Nenana River,81246000101,81246000100711,63.70682813467661,-148.8364449966909,108,108,1,1800853
Nenana River,81246000101,81246000100721,63.70660670193791,-148.8324839956137,94,94,1,1801066
Nenana River,81246000101,81246000100731,63.7062557411366,-148.82851470689596,77.5,77.5,1,1801259
Nenana River,81246000101,81246000100741,63.70557509507099,-148.82513144692,63,63,1,1801448
Nenana River,81246000101,81246000100751,63.704136446535074,-148.82219399892756,42,42,1,1801679
Nenana River,81246000101,81246000100761,63.702388458844204,-148.8219919833882,80,80,1,1801865
Nenana River,81246000101,81246000100771,63.7006287740027,-148.822714281185,63,63,1,1802080
Nenana River,81246000101,81246000100781,63.699015910273694,-148.8224753030881,48,48,1,1802249
Nenana River,81246000101,81246000100791,63.697691527011735,-148.8200107908078,111,111,1,1802457
Nenana River,81246000101,81246000100801,63.697395832109954,-148.81610714158236,67,67,1,1802673
Nenana River,81246000101,81246000100811,63.697718439784836,-148.81218242906087,36,36,1,1802858
Nenana River,81246000101,81246000100821,63.69718114346932,-148.80850627146103,63,63,1,1803076
Nenana River,81246000101,81246000100831,63.69600217498447,-148.80516570334152,63,63,1,1803276
Nenana River,81246000101,81246000100841,63.6946996580038,-148.80250944883477,84,84,1,1803472
Nenana River,81246000101,81246000100851,63.69371609071529,-148.79918182625084,67,67,1,1803668
Nenana River,81246000101,81246000100861,63.693070627934844,-148.79580303363133,42,42,1,1803858
Nenana River,81246000101,81246000100871,63.691710698111905,-148.79298608494076,75,75,1,1804066
Nenana River,81246000101,81246000100881,63.68997545740631,-148.79175809391475,63,63,1,1804278
Nenana River,81246000101,81246000100891,63.68822975213043,-148.79137041835293,92,92,1,1804465
Nenana River,81246000101,81246000100901,63.68676749203492,-148.7898461549118,42,42,1,1804666
Nenana River,81246000101,81246000100911,63.68555189843338,-148.7865295787355,42,42,1,1804882
Nenana River,81246000101,81246000100921,63.68443789666319,-148.78312260765765,63,63,1,1805083
Nenana River,81246000101,81246000100931,63.683472464849956,-148.77974544901875,63,63,1,1805282
Nenana River,81246000101,81246000100941,63.682074613548586,-148.77735829259092,67,67,1,1805471
Nenana River,81246000121,81246000120011,63.61027286965705,-148.80138757366646,48,48,1,1819271
Nenana River,81246000121,81246000120021,63.608663057219026,-148.80090244688714,64.5,64.5,1,1819472
Nenana River,81246000121,81246000120031,63.60716488803653,-148.80311086039757,42,42,1,1819672
Nenana River,81246000121,81246000120041,63.605975462485446,-148.8060364261258,42,42,1,1819868
Nenana River,81246000121,81246000120051,63.60484106787766,-148.80929194800353,42,42,1,1820071
Nenana River,81246000121,81246000120061,63.60366707855761,-148.8119800527643,33,33,1,1820265
Nenana River,81246000121,81246000120071,63.60193901064336,-148.81151862833698,42,42,1,1820478
Nenana River,81246000121,81246000120081,63.600544629491104,-148.813273424807,64.5,64.5,1,1820676
Nenana River,81246000121,81246000120091,63.599670460252426,-148.81652448674845,84,84,1,1820873
Nenana River,81246000121,81246000120101,63.59833643564594,-148.81964515242356,52.5,52.5,1,1821085
Nenana River,81246000121,81246000120111,63.597107409058935,-148.82240934950016,105,105,1,1821277
Nenana River,81246000121,81246000120121,63.596100275122694,-148.82536898066104,84,84,1,1821456
Nenana River,81246000121,81246000120131,63.59498636499734,-148.82824896972562,54,54,1,1821656
Nenana River,81246000121,81246000120141,63.59347486224877,-148.83062339673194,67,67,1,1821864
Nenana River,81246000121,81246000120151,63.59183766576741,-148.83229203407572,64.5,64.5,1,1822066
Nenana River,81246000121,81246000120161,63.59033155059772,-148.83423901624647,84,84,1,1822262
Nenana River,81246000121,81246000120171,63.588992658050415,-148.8370068318661,84,84,1,1822453
Nenana River,81246000121,81246000120181,63.58806491027381,-148.84019195400205,42,42,1,1822654
Nenana River,81246000121,81246000120191,63.58660320057975,-148.84146801239365,58.5,58.5,1,1822851
Nenana River,81246000121,81246000120201,63.58501262324557,-148.83949098997854,39,39,1,1823053
Nenana River,81246000121,81246000120211,63.58328353020873,-148.83781328332608,63,63,1,1823276
Nenana River,81246000121,81246000120221,63.581549412573,-148.83652694938328,67,67,1,1823461
Nenana River,81246000121,81246000120231,63.57980689719216,-148.8358965172415,63,63,1,1823680
Nenana River,81246000121,81246000120241,63.57817331963831,-148.83727646196377,54,54,1,1823859
Nenana River,81246000121,81246000120251,63.57654238340768,-148.83844921298217,67,67,1,1824074
Nenana River,81246000121,81246000120261,63.574938885772454,-148.8374789444394,36,36,1,1824247
Nenana River,81246000121,81246000120271,63.573346549919414,-148.8356358026024,48,48,1,1824466
Nenana River,81246000121,81246000120281,63.57160204269047,-148.8351608799062,42,42,1,1824648
Nenana River,81246000121,81246000120291,63.56986216369749,-148.83432376322418,42,42,1,1824862
Nenana River,81246000121,81246000120301,63.56812639230899,-148.8331647611368,48,48,1,1825066
Nenana River,81246000121,81246000120311,63.5666736821516,-148.83092848212436,42,42,1,1825245
Nenana River,81246000121,81246000120321,63.56507474978531,-148.8295967670954,45,45,1,1825469
Nenana River,81246000121,81246000120331,63.56331881985539,-148.83001631335404,33,33,1,1825656
Nenana River,81246000121,81246000120341,63.56170524765552,-148.82983221456902,57,57,1,1825844
Nenana River,81246000121,81246000120351,63.55995217610551,-148.83002752764315,48,48,1,1826064
Nenana River,81246000121,81246000120361,63.558215414032894,-148.82894391383113,63,63,1,1826247
Nenana River,81246000121,81246000120371,63.556613631115944,-148.82783458101983,45,45,1,1826455
Nenana River,81246000121,81246000120381,63.55525989733794,-148.82486900432076,63,63,1,1826672
Nenana River,81246000121,81246000120391,63.55399631834615,-148.82186920438286,42,42,1,1826869
Nenana River,81246000121,81246000120401,63.5523944793397,-148.82076042824553,65,65,1,1827058
Nenana River,81246000121,81246000120411,63.55079135534563,-148.81975233771186,60.5,60.5,1,1827241
Nenana River,81246000121,81246000120421,63.54921181369428,-148.81840083286144,67,67,1,1827457
Nenana River,81246000121,81246000120431,63.54891497125963,-148.81480214197407,75,75,1,1827638
Nenana River,81246000121,81246000120441,63.54857399917078,-148.81123813011547,52.5,52.5,1,1827842
Nenana River,81246000121,81246000120451,63.547021187571396,-148.80908386124867,54,54,1,1828058
Nenana River,81246000121,81246000120461,63.545280347329175,-148.80831226775163,33,33,1,1828242
Nenana River,81246000121,81246000120471,63.54365304462831,-148.80921532504212,54,54,1,1828438
Nenana River,81246000121,81246000120481,63.54189626090986,-148.8097076454813,60,60,1,1828656
Nenana River,81246000121,81246000120491,63.54041149346084,-148.80785090636812,42,42,1,1828839
Nenana River,81246000121,81246000120501,63.539263904612014,-148.80488090735375,42,42,1,1829034
Nenana River,81246000121,81246000120511,63.53766918165096,-148.80319698670132,54,54,1,1829248
Nenana River,81246000121,81246000120521,63.53591436639517,-148.803534490312,80,80,1,1829440
Nenana River,81246000121,81246000120531,63.53427646382131,-148.80528176818697,85.5,254,2,1829653
Nenana River,81246000121,81246000120541,63.53283169827703,-148.80751581036856,84,84,1,1829841
Nenana River,81246000121,81246000120551,63.53151131669477,-148.8102764734521,84,254,2,1830046
Nenana River,81246000121,81246000120561,63.52976222885395,-148.81086958666447,60,60,1,1830256
Nenana River,81246000121,81246000120571,63.528016860749496,-148.81045723765814,51,51,1,1830438
Nenana River,81246000121,81246000120581,63.526273883409885,-148.80985547016806,54,54,1,1830658
Nenana River,81246000121,81246000120591,63.52467999315762,-148.8081100573648,67,67,1,1830843
Nenana River,81246000121,81246000120601,63.52322342805559,-148.80615174485132,51,51,1,1831038
Nenana River,81246000121,81246000120611,63.52162676752413,-148.8046231405357,67.5,67.5,1,1831228
Nenana River,81246000121,81246000120621,63.51989329823281,-148.80326416389622,63,63,1,1831446
Nenana River,81246000121,81246000120631,63.51814685764622,-148.8029356466559,30,30,1,1831632
Nenana River,81246000121,81246000120641,63.5166041288794,-148.8047625684043,42,42,1,1831856
Nenana River,81246000121,81246000120651,63.51600311186343,-148.80848979690953,45,45,1,1832039
Nenana River,81246000121,81246000120661,63.51556274895446,-148.81208057881324,73.5,73.5,1,1832229
Nenana River,81246000121,81246000120671,63.51493160431381,-148.815943451065,75,75,1,1832450
Nenana River,81246000121,81246000120681,63.513639903461524,-148.8185924202309,67,67,1,1832647
Nenana River,81246000121,81246000120691,63.51200921948558,-148.81975503763087,52.5,52.5,1,1832834
Nenana River,81246000121,81246000120701,63.51026048560522,-148.819609242413,60,60,1,1833050
Nenana River,81246000121,81246000120711,63.50849684490402,-148.8206368551287,65,65,1,1833246
Nenana River,81246000121,81246000120721,63.50685950342223,-148.82232125914751,48,48,1,1833448
Nenana River,81246000121,81246000120731,63.505228534037435,-148.82350347448815,51,51,1,1833634
Nenana River,81246000121,81246000120741,63.50347206183233,-148.82396560203006,63,63,1,1833851
Nenana River,81246000121,81246000120751,63.5017304508578,-148.82326029290292,30,30,1,1834033
Nenana River,81246000121,81246000120761,63.500311579285174,-148.8218838792514,39,39,1,1834230
Nenana River,81246000121,81246000120771,63.49977505656741,-148.81818423140197,36,36,1,1834446
Nenana River,81246000121,81246000120781,63.49831627360038,-148.8164123981942,54,54,1,1834629
Nenana River,81246000121,81246000120791,63.49670088431085,-148.81637006419638,48,48,1,1834817
Nenana River,81246000121,81246000120801,63.49508951685917,-148.8186633702676,42,42,1,1835033
Nenana River,81246000131,81246000130011,63.49354435867479,-148.82104244482392,54,54,1,1835247
Nenana River,81246000131,81246000130021,63.49179277809221,-148.8211203329886,30,30,1,1835427
Nenana River,81246000131,81246000130031,63.490042728305596,-148.82107779134785,45,45,1,1835641
Nenana River,81246000131,81246000130041,63.4882865159156,-148.8215197642937,58.5,58.5,1,1835823
Nenana River,81246000131,81246000130051,63.48653890855299,-148.82128513831853,45,45,1,1836039
Nenana River,81246000131,81246000130061,63.484948869159744,-148.82263672755298,42,42,1,1836220
Nenana River,81246000131,81246000130071,63.48403147427018,-148.8260311770937,42,42,1,1836440
Nenana River,81246000131,81246000130081,63.48280494516684,-148.8282794167744,45,45,1,1836618
Nenana River,81246000131,81246000130091,63.48106917317631,-148.8278214421604,42,42,1,1836834
Nenana River,81246000131,81246000130101,63.479439312149985,-148.82891172044756,54,54,1,1837022
Nenana River,81246000131,81246000130111,63.477840800674656,-148.8311603400914,42,42,1,1837242
Nenana River,81246000131,81246000130121,63.47627926423606,-148.8331225617503,42,42,1,1837433
Nenana River,81246000131,81246000130131,63.474661287127425,-148.8339825635459,58.5,58.5,1,1837615
Nenana River,81246000131,81246000130141,63.47290767831998,-148.83421721674307,54,54,1,1837828
Nenana River,81246000131,81246000130151,63.47130402960221,-148.83325766957245,108,108,1,1838011
Nenana River,81246000131,81246000130161,63.46985851093053,-148.83046347607237,84,84,1,1838242
Nenana River,81246000131,81246000130171,63.46841007127555,-148.82789416053618,96,96,1,1838428
Nenana River,81246000131,81246000130181,63.46709403688302,-148.82549812757583,105,339,2,1838628
Nenana River,81246000131,81246000130191,63.465978132428006,-148.82218787196214,138,339,2,1838841
Nenana River,81246000131,81246000130201,63.46509988323843,-148.81882072331027,105,105,1,1839011
Nenana River,81246000131,81246000130211,63.46427716676715,-148.81545731573465,52.5,52.5,1,1839242
Nenana River,81246000131,81246000130221,63.46308637491546,-148.8123718085943,127,127,1,1839412
Nenana River,81246000131,81246000130231,63.46180200745383,-148.80958165008386,105,105,1,1839634
Nenana River,81246000131,81246000130241,63.4605679998464,-148.80663840562872,84,84,1,1839821
Nenana River,81246000131,81246000130251,63.45914858582656,-148.80429770587648,67,67,1,1840017
Nenana River,81246000131,81246000130261,63.457409027122914,-148.80342289207942,62,62,1,1840230
Nenana River,81246000131,81246000130271,63.45566484323849,-148.80291473545398,67,67,1,1840416
Nenana River,81246000131,81246000130281,63.45390694446678,-148.8034947734653,67,67,1,1840636
Nenana River,81246000131,81246000130291,63.45234545475959,-148.80173904097757,42,42,1,1840828
Nenana River,81246000131,81246000130301,63.45159199519943,-148.79840605078104,58.5,58.5,1,1841023
Nenana River,81246000131,81246000130311,63.45061561223358,-148.7953761996398,107,107,1,1841215
Nenana River,81246000131,81246000130321,63.44889069104196,-148.79547729342042,105,105,1,1841430
Nenana River,81246000131,81246000130331,63.44729037748984,-148.79509169191806,84,84,1,1841609
Nenana River,81246000131,81246000130341,63.44604977489271,-148.79222237849913,58.5,58.5,1,1841822
Nenana River,81246000131,81246000130351,63.44451252713477,-148.79024121523034,57.5,57.5,1,1842014
Nenana River,81246000131,81246000130361,63.44309778790118,-148.78799863635479,54,54,1,1842220
Nenana River,81246000131,81246000130371,63.44397683988726,-148.7856957579871,48,48,1,1842436
Nenana River,81246000131,81246000130381,63.445416188087684,-148.78329870500815,70,70,1,1842623
Nenana River,81246000131,81246000130391,63.44699274714549,-148.78285529825033,88,88,1,1842806
Nenana River,81246000131,81246000130401,63.44780903402318,-148.77981747148993,123,339,2,1843031
Nenana River,81246000131,81246000130411,63.447108160485826,-148.7764648157067,90,90,1,1843200
Nenana River,81246000131,81246000130421,63.44593042752166,-148.77370852859764,127,127,1,1843405
Nenana River,81246000131,81246000130431,63.44448238805716,-148.77102801366684,87,87,1,1843618
Nenana River,81246000131,81246000130441,63.44306322007186,-148.76862226675277,115,115,1,1843804
Nenana River,81246000131,81246000130451,63.44242165869756,-148.76499393780247,123,339,2,1844005
Nenana River,81246000131,81246000130461,63.4429454034231,-148.76172898089666,118,339,2,1844223
Nenana River,81246000131,81246000130471,63.44394016128024,-148.75822067933328,119.5,339,2,1844413
Nenana River,81246000131,81246000130481,63.444537901306155,-148.75434691917357,80,80,1,1844628
Nenana River,81246000131,81246000130491,63.4445221222703,-148.75073634723648,75,75,1,1844797
Nenana River,81246000131,81246000130501,63.44365114385161,-148.74737445038838,92.5,92.5,1,1845007
Nenana River,81246000131,81246000130511,63.4429094136484,-148.7434190465311,99,339,2,1845229
Nenana River,81246000131,81246000130521,63.44261463292544,-148.73919019178427,95,339,2,1845413
Nenana River,81246000141,81246000140011,63.442765893888684,-148.73528921248214,93,93,1,1845598
Nenana River,81246000141,81246000140021,63.44262485990651,-148.73137053915815,78,342,2,1845808
Nenana River,81246000141,81246000140031,63.44271417857774,-148.72716501217974,93,342,2,1846022
Nenana River,81246000141,81246000140041,63.442453742883515,-148.72323922552602,83.5,342,2,1846209
Nenana River,81246000141,81246000140051,63.442012734183066,-148.71960345441107,64,64,1,1846399
Nenana River,81246000141,81246000140061,63.44148296681185,-148.71566172039462,67,67,1,1846617
Nenana River,81246000141,81246000140071,63.44160411103465,-148.71175899020332,67,67,1,1846804
Nenana River,81246000141,81246000140081,63.44214959043442,-148.70818229009856,120,120,1,1846997
Nenana River,81246000141,81246000140091,63.44288336650781,-148.70461665351422,125.5,342,2,1847194
Nenana River,81246000141,81246000140101,63.44369779105424,-148.70105562408128,167,342,2,1847401
Nenana River,81246000141,81246000140111,63.44469154304852,-148.69750501665033,106.5,106.5,1,1847612
Nenana River,81246000141,81246000140121,63.445676236688456,-148.69395363404982,48,48,1,1847816
Nenana River,81246000141,81246000140131,63.44628406862143,-148.69037979357944,65,65,1,1847999
Nenana River,81246000141,81246000140141,63.44632378484746,-148.68647155507833,96,342,2,1848210
Nenana River,81246000141,81246000140151,63.446501804543516,-148.68257142082618,97.5,342,2,1848397
Nenana River,81246000141,81246000140161,63.4469462780588,-148.67868685270335,77,77,1,1848611
Nenana River,81246000141,81246000140171,63.4470779498047,-148.67478389630173,69,69,1,1848793
Nenana River,81246000141,81246000140181,63.44712236660141,-148.6708758194081,54,54,1,1849005
Nenana River,81246000141,81246000140191,63.44672966752619,-148.66694231779852,87,87,1,1849209
Nenana River,81246000141,81246000140201,63.44583868064789,-148.6632808221826,109,342,2,1849410
Nenana River,81246000141,81246000140211,63.44535059523403,-148.65970304081853,134.5,342,3,1849588
Nenana River,81246000141,81246000140221,63.444450604964366,-148.6568034442293,113,342,2,1849797
Nenana River,81246000141,81246000140231,63.443058076083005,-148.65379540784224,84,84,1,1850009
Nenana River,81246000141,81246000140241,63.442037686912464,-148.65042811581603,60.5,60.5,1,1850200
Nenana River,81246000141,81246000140251,63.441478201174,-148.64678679838406,105,105,1,1850408
Nenana River,81246000141,81246000140261,63.440689100458634,-148.6434332098531,129,129,1,1850584
Nenana River,81246000141,81246000140271,63.439566754255374,-148.64048179151783,142.5,342,2,1850800
Nenana River,81246000141,81246000140281,63.4381227828564,-148.63801744817212,108,108,1,1850985
Nenana River,81246000141,81246000140291,63.43666553499702,-148.635925479401,48,48,1,1851190
Nenana River,81246000141,81246000140301,63.435099640750565,-148.6339117290764,42,42,1,1851392
Nenana River,81246000141,81246000140311,63.43402305693836,-148.6310240017895,42,42,1,1851577
Nenana River,81246000141,81246000140321,63.43284747534866,-148.6283112778571,54,54,1,1851769
Nenana River,81246000141,81246000140331,63.43139595791232,-148.62570340196112,42,42,1,1851980
Nenana River,81246000141,81246000140341,63.42965361549518,-148.6249861969932,77,77,1,1852193
Nenana River,81246000141,81246000140351,63.42790131872105,-148.62514461082262,58.5,58.5,1,1852376
Nenana River,81246000141,81246000140361,63.42629447947789,-148.62435220221505,36,36,1,1852579
Nenana River,81246000141,81246000140371,63.42470082144887,-148.62239837257258,65,65,1,1852777
Nenana River,81246000141,81246000140381,63.42310736156009,-148.6204247404597,78,78,1,1852991
Nenana River,81246000141,81246000140391,63.42151070224721,-148.61873164861757,94,342,2,1853177
Nenana River,81246000141,81246000140401,63.419913791904555,-148.6170587852998,64.5,64.5,1,1853401
Nenana River,81246000141,81246000140411,63.41846111307335,-148.61453674439312,42,42,1,1853577
Nenana River,81246000141,81246000140421,63.41685955236138,-148.61327212658716,45,45,1,1853788
Nenana River,81246000141,81246000140431,63.415110975788714,-148.61310230472523,33,33,1,1853969
Nenana River,81246000141,81246000140441,63.4133706576078,-148.61220042238463,69,69,1,1854195
Nenana River,81246000141,81246000140451,63.41177661270491,-148.61026702918943,42,42,1,1854383
Nenana River,81246000141,81246000140461,63.410687828162885,-148.60746600592392,63,63,1,1854565
Nenana River,81246000141,81246000140471,63.40967704426148,-148.6044292244854,84,84,1,1854765
Nenana River,81246000141,81246000140481,63.40837095092313,-148.6017847410469,84,84,1,1854965
Nenana River,81246000141,81246000140491,63.40692135392353,-148.5989642911992,54,54,1,1855180
Nenana River,81246000141,81246000140501,63.40532800873811,-148.59695315955315,97.5,97.5,1,1855388
Nenana River,81246000141,81246000140511,63.403872150851626,-148.5946855734478,108,108,1,1855577
Nenana River,81246000141,81246000140521,63.40251412756616,-148.5916908041732,105,342,2,1855773
Nenana River,81246000151,81246000150011,63.40140587606219,-148.58802536390087,101,547,2,1855971
Nenana River,81246000151,81246000150021,63.40108905273979,-148.58410353730355,90,547,2,1856184
Nenana River,81246000151,81246000150031,63.40077468736262,-148.58018194738153,106.5,547,2,1856375
Nenana River,81246000151,81246000150041,63.40080550360923,-148.57657969944214,63,63,1,1856575
Nenana River,81246000151,81246000150051,63.40130274109572,-148.57300301672987,33,33,1,1856773
Nenana River,81246000151,81246000150061,63.40056183528487,-148.56935855369434,129,129,1,1856969
Nenana River,81246000151,81246000150071,63.40014380724349,-148.56573188058675,67.5,67.5,1,1857169
Nenana River,81246000151,81246000150081,63.399357857791195,-148.56208530822573,63,63,1,1857381
Nenana River,81246000151,81246000150091,63.39856284329844,-148.55843844049167,42,42,1,1857567
Nenana River,81246000151,81246000150101,63.398718711298926,-148.55484324141935,40.5,40.5,1,1857760
Nenana River,81246000151,81246000150111,63.398913631580854,-148.55094982697287,36,36,1,1857972
Nenana River,81246000151,81246000150121,63.39926096437816,-148.5470645612373,48,48,1,1858169
Nenana River,81246000151,81246000150131,63.399739305057956,-148.54350659418517,36,36,1,1858357
Nenana River,81246000151,81246000150141,63.39867264192399,-148.54086668608292,51,51,1,1858556
Nenana River,81246000151,81246000150151,63.39724404631284,-148.5384878622319,84,84,1,1858768
Nenana River,81246000151,81246000150161,63.39632217969589,-148.53489522134356,67,67,1,1858965
Nenana River,81246000151,81246000150171,63.396136535166626,-148.5312819920131,48,48,1,1859174
Nenana River,81246000151,81246000150181,63.39722155633274,-148.52803668313243,42,42,1,1859355
Nenana River,81246000151,81246000150191,63.39802838238533,-148.5247763658781,46.5,46.5,1,1859560
Nenana River,81246000151,81246000150201,63.398488438274654,-148.5211972190579,46.5,46.5,1,1859760
Nenana River,81246000151,81246000150211,63.39729788397798,-148.5183515301105,55.5,55.5,1,1859968
Nenana River,81246000151,81246000150221,63.39588149026998,-148.51563429052862,84,84,1,1860175
Nenana River,81246000151,81246000150231,63.395408053153126,-148.51202613943312,101,101,1,1860357
Nenana River,81246000151,81246000150241,63.394678459550455,-148.5088650724019,90,547,2,1860579
Nenana River,81246000151,81246000150251,63.393390021238986,-148.50591506247417,84,84,1,1860748
Nenana River,81246000151,81246000150261,63.392428916700965,-148.50256211978382,63,63,1,1860976
Nenana River,81246000151,81246000150271,63.391679818674824,-148.49901631767904,42,42,1,1861158
Nenana River,81246000151,81246000150281,63.39011224350361,-148.49750039835752,63,63,1,1861377
Nenana River,81246000151,81246000150291,63.388724454502885,-148.49544394345892,55.5,55.5,1,1861567
Nenana River,81246000151,81246000150301,63.388555543249964,-148.49185285535987,99,99,1,1861749
Nenana River,81246000151,81246000150311,63.38858853492489,-148.48795206863124,67,67,1,1861963
Nenana River,81246000151,81246000150321,63.38815232688614,-148.48402705196017,63,63,1,1862154
Nenana River,81246000151,81246000150331,63.387884645964476,-148.48041101807618,42,42,1,1862354
Nenana River,81246000151,81246000150341,63.38702473382034,-148.47676462601297,63,63,1,1862555
Nenana River,81246000151,81246000150351,63.38665817853336,-148.4731437307992,116,116,1,1862748
Nenana River,81246000151,81246000150361,63.38718923676719,-148.46926866075697,114,547,2,1862965
Nenana River,81246000151,81246000150371,63.38755485448025,-148.46538501433096,86,86,1,1863153
Nenana River,81246000151,81246000150381,63.38757686950412,-148.4614838089381,67,67,1,1863366
Nenana River,81246000151,81246000150391,63.387778218598974,-148.45759168666333,61.5,61.5,1,1863548
Nenana River,81246000151,81246000150401,63.38807174144216,-148.45370417830404,63,63,1,1863762
Nenana River,81246000151,81246000150411,63.38817162421527,-148.44980683638224,39,39,1,1863964
Nenana River,81246000151,81246000150421,63.387137425247566,-148.44645276124962,84,84,1,1864172
Nenana River,81246000151,81246000150431,63.38599424535876,-148.44339361116383,84,84,1,1864357
Nenana River,81246000151,81246000150441,63.38525417238484,-148.44005475316126,54,54,1,1864548
Nenana River,81246000151,81246000150451,63.38481792428106,-148.4361309626875,54,54,1,1864762
Nenana River,81246000151,81246000150461,63.3846238146157,-148.4322193558231,65,65,1,1864944
Nenana River,81246000151,81246000150471,63.38482692657787,-148.42832755115685,60,60,1,1865160
Nenana River,81246000151,81246000150481,63.38417904633684,-148.42463364432385,125.5,547,2,1865360
Nenana River,81246000151,81246000150491,63.382967610711944,-148.42189245893775,81,547,2,1865557
Nenana River,81246000151,81246000150501,63.382778704849635,-148.41832160334607,119,119,1,1865754
Nenana River,81246000151,81246000150511,63.38367453756007,-148.4148842342058,105,105,1,1865962
Nenana River,81246000151,81246000150521,63.38481814406155,-148.41179899320042,95.5,95.5,1,1866154
Nenana River,81246000151,81246000150531,63.384898345803045,-148.4082211905172,91.5,547,2,1866368
Nenana River,81246000151,81246000150541,63.38376858234278,-148.40517649333873,63,547,2,1866545
Nenana River,81246000151,81246000150551,63.38248730137097,-148.40292897708034,63,547,2,1866737
Nenana River,81246000151,81246000150561,63.3813747768397,-148.39994561255804,105,547,2,1866941
Nenana River,81246000151,81246000150571,63.379954874161,-148.39699556144922,134.5,547,3,1867161
Nenana River,81246000151,81246000150581,63.37849909462371,-148.39440415852067,84,547,2,1867361
Nenana River,81246000151,81246000150591,63.37719891152188,-148.39150048224118,128,547,2,1867545
Nenana River,81246000151,81246000150601,63.37656555121464,-148.38832635385987,103,547,2,1867753
Nenana River,81246000151,81246000150611,63.37590083430176,-148.38467649736168,117,117,1,1867935
Nenana River,81246000151,81246000150621,63.37508204389106,-148.3810365564037,57,57,1,1868157
Nenana River,81246000151,81246000150631,63.37486975855948,-148.37712582742458,60,60,1,1868339
Nenana River,81246000151,81246000150641,63.37485731567965,-148.3732247132833,75,75,1,1868550
Nenana River,81246000151,81246000150651,63.37462174451024,-148.3693129883009,64.5,64.5,1,1868745
Nenana River,81246000151,81246000150661,63.37402815169065,-148.36568435542569,94,94,1,1868942
Nenana River,81246000151,81246000150671,63.3734206624283,-148.36175519160392,67,67,1,1869159
Nenana River,81246000151,81246000150681,63.37350569705302,-148.35815891150452,51,51,1,1869325
Nenana River,81246000151,81246000150691,63.37468942685914,-148.35563449840973,87,87,1,1869523
Nenana River,81246000151,81246000150701,63.37604357199552,-148.35292929129636,63,63,1,1869758
Nenana River,81246000151,81246000150711,63.37643341716699,-148.34929556014785,62,62,1,1869927
Nenana River,81246000151,81246000150721,63.37525965045977,-148.3463257981874,114,547,2,1870153
Nenana River,81246000151,81246000150731,63.374648075676696,-148.34291103784406,92,92,1,1870334
Nenana River,81246000151,81246000150741,63.3747667198653,-148.33901610313887,103,103,1,1870546
Nenana River,81246000151,81246000150751,63.37499036548285,-148.33512601969184,108.5,108.5,1,1870730
Nenana River,81246000151,81246000150761,63.37446768148407,-148.33150136912073,63,63,1,1870944
Nenana River,81246000151,81246000150771,63.37340961307741,-148.32829615316467,84,84,1,1871127
Nenana River,81246000151,81246000150781,63.372015731187815,-148.3258677254891,67,67,1,1871336
Nenana River,81246000151,81246000150791,63.37078629327279,-148.3229311076735,63,63,1,1871534
Nenana River,81246000151,81246000150801,63.37091828561631,-148.31933722708655,73.5,73.5,1,1871727
Nenana River,81246000151,81246000150811,63.37169255632117,-148.31547270789673,60,60,1,1871953
Nenana River,81246000151,81246000150821,63.371680994287566,-148.31157216487796,60,60,1,1872148
Nenana River,81246000151,81246000150831,63.371056631354335,-148.30764374984076,77,77,1,1872338
Nenana River,81246000161,81246000160011,63.371233450623016,-148.30345182671337,60,60,1,1872552
Nenana River,81246000161,81246000160021,63.3706982464577,-148.29987568541054,62,62,1,1872732
Nenana River,81246000161,81246000160031,63.3691702291956,-148.29852444527359,63,63,1,1872943
Nenana River,81246000161,81246000160041,63.36749307787454,-148.29738318462228,90,90,1,1873153
Nenana River,81246000161,81246000160051,63.36653693755566,-148.29394065688203,79.5,79.5,1,1873352
Nenana River,81246000161,81246000160061,63.365697383523425,-148.29069955525793,84,84,1,1873534
Nenana River,81246000161,81246000160071,63.36414065705564,-148.2889398666195,63,63,1,1873749
Nenana River,81246000161,81246000160081,63.36238781248189,-148.28921550605622,94,94,1,1873942
Nenana River,81246000161,81246000160091,63.36075848617085,-148.29072190771276,67,67,1,1874136
Nenana River,81246000161,81246000160101,63.359181664650805,-148.29039131210854,58.5,58.5,1,1874346
Nenana River,81246000161,81246000160111,63.3584764034564,-148.28698122371688,65,65,1,1874527
Nenana River,81246000161,81246000160121,63.35843700896728,-148.2833811180776,52.5,52.5,1,1874719
Nenana River,81246000161,81246000160131,63.35748538029094,-148.28040013682607,63,63,1,1874915
Nenana River,81246000161,81246000160141,63.35621174407461,-148.27728512209038,65,65,1,1875124
Nenana River,81246000161,81246000160151,63.35586329953465,-148.27337180128134,60,60,1,1875344
Nenana River,81246000161,81246000160161,63.355092422494955,-148.26973978591582,84,84,1,1875544
Nenana River,81246000161,81246000160171,63.35390236452139,-148.2666891507807,63,63,1,1875737
Nenana River,81246000161,81246000160181,63.35296971596432,-148.26335026687184,63,63,1,1875944
Nenana River,81246000161,81246000160191,63.35231061000758,-148.25972377211966,71,71,1,1876130
Nenana River,81246000161,81246000160201,63.35175011078394,-148.2561017644344,79.5,79.5,1,1876340
Nenana River,81246000161,81246000160211,63.350716833005,-148.25295096058187,63,63,1,1876518
Nenana River,81246000161,81246000160221,63.34925808071017,-148.25163645513825,58,58,1,1876721
Nenana River,81246000161,81246000160231,63.34790113245942,-148.248739836459,63,63,1,1876941
Nenana River,81246000161,81246000160241,63.34701292643994,-148.2454041631473,63,63,1,1877117
Nenana River,81246000161,81246000160251,63.34583814691654,-148.24239603830003,63,63,1,1877330
Nenana River,81246000161,81246000160261,63.34423487455792,-148.24096816965462,48,48,1,1877527
Nenana River,81246000161,81246000160271,63.34294740913162,-148.23831531033073,48,48,1,1877726
Nenana River,81246000161,81246000160281,63.34257461765242,-148.23472292669172,51,51,1,1877909
Nenana River,81246000161,81246000160291,63.34291846794492,-148.23084160730784,42,42,1,1878131
Nenana River,81246000161,81246000160301,63.342301034878275,-148.22731484726393,63,63,1,1878312
Nenana River,81246000161,81246000160311,63.34072656735459,-148.2262785128753,67,67,1,1878527
Nenana River,81246000161,81246000160321,63.33897686860241,-148.22515951367862,82,82,1,1878714
Nenana River,81246000161,81246000160331,63.338527179283,-148.22257193270684,75,75,1,1878938
Nenana River,81246000161,81246000160341,63.3400197352673,-148.21972995776528,63,63,1,1879120
Nenana River,81246000161,81246000160351,63.34004343994985,-148.21695407173993,77.5,77.5,1,1879310
Nenana River,81246000161,81246000160361,63.33838933109683,-148.21619641233954,92,92,1,1879522
Nenana River,81246000161,81246000160371,63.3366393855268,-148.21615106248703,60,60,1,1879702
Nenana River,81246000161,81246000160381,63.33488715330914,-148.21637384532764,80,80,1,1879915
Nenana River,81246000161,81246000160391,63.333137595865615,-148.21628286615638,94,94,1,1880104
Nenana River,81246000161,81246000160401,63.331535922907584,-148.2146374837149,82,82,1,1880325
Nenana River,81246000161,81246000160411,63.33021966002658,-148.21172615317,78,78,1,1880500
Nenana River,81246000161,81246000160421,63.33042167855651,-148.20843941371638,63,63,1,1880702
Nenana River,81246000161,81246000160431,63.331376502558484,-148.2048588782574,63,63,1,1880919
Nenana River,81246000161,81246000160441,63.33214630000655,-148.2019209355835,36,36,1,1881117
Nenana River,81246000161,81246000160451,63.33085390926586,-148.19977003720143,45,45,1,1881302
Nenana River,81246000161,81246000160461,63.3295706195449,-148.19759974700807,48,48,1,1881499
Nenana River,81246000161,81246000160471,63.32950822759405,-148.19372289669872,42,42,1,1881722
Nenana River,81246000161,81246000160481,63.32890451375139,-148.1901033201679,42,42,1,1881930
Nenana River,81246000161,81246000160491,63.327726148100176,-148.1873887801387,49.5,49.5,1,1882092
Nenana River,81246000161,81246000160501,63.32649110030656,-148.18479195179393,71,71,1,1882301
Nenana River,81246000161,81246000160511,63.326302216518734,-148.18143809293778,54,54,1,1882496
Nenana River,81246000161,81246000160521,63.3277296716123,-148.1793913041437,36,36,1,1882704
Nenana River,81246000161,81246000160531,63.328280756383606,-148.17569956195584,63,63,1,1882916
Nenana River,81246000161,81246000160541,63.32861771078638,-148.17183919231505,55.5,55.5,1,1883124
Nenana River,81246000161,81246000160551,63.32988465983897,-148.1692705915025,63,63,1,1883293
Nenana River,81246000161,81246000160561,63.33051033191993,-148.16652403051725,36,36,1,1883492
Nenana River,81246000161,81246000160571,63.32912657963873,-148.16450524690185,54,54,1,1883712
Nenana River,81246000161,81246000160581,63.327511716143285,-148.16440576471297,30,30,1,1883887
Nenana River,81246000161,81246000160591,63.3263591984859,-148.16154371142218,48,48,1,1884090
Nenana River,81246000161,81246000160601,63.32623574020004,-148.15764497952506,48,48,1,1884304
Nenana River,81246000161,81246000160611,63.326556984746986,-148.1537640992243,43.5,43.5,1,1884499
Nenana River,81246000161,81246000160621,63.32758040747509,-148.15041037150172,36,36,1,1884703
Nenana River,81246000161,81246000160631,63.32904003349472,-148.1486114533786,42,42,1,1884882
Nenana River,81246000161,81246000160641,63.33020705547114,-148.14636134979844,39,39,1,1885096
Nenana River,81246000161,81246000160651,63.33184865609045,-148.14424975479065,36,36,1,1885287
Nenana River,81246000161,81246000160661,63.33359542996833,-148.14469006042486,45,45,1,1885500
Nenana River,81246000161,81246000160671,63.33522156003266,-148.14338501430652,36,36,1,1885710
Nenana River,81246000161,81246000160681,63.335893321788866,-148.140199774427,42,42,1,1885883
Nenana River,81246000161,81246000160691,63.3371903243004,-148.1373906280179,39,39,1,1886098
Nenana River,81246000161,81246000160701,63.337452077608525,-148.1338253491737,39,39,1,1886285
Nenana River,81246000161,81246000160711,63.3368255626599,-148.13020517003648,42,42,1,1886493
Nenana River,81246000161,81246000160721,63.33631156059671,-148.1262899120509,36,36,1,1886708
Nenana River,81246000161,81246000160731,63.336330713887484,-148.1223955877589,39,39,1,1886890
Nenana River,81246000161,81246000160741,63.33633437575942,-148.11850064603587,42,42,1,1887113
Nenana River,81246000161,81246000160751,63.33745255760281,-148.11554773652344,48,48,1,1887290
Nenana River,81246000161,81246000160761,63.33798869636643,-148.11257212904738,48,48,1,1887506
Nenana River,81246000161,81246000160771,63.338496857396876,-148.10916382886046,36,36,1,1887684
Nenana River,81246000161,81246000160781,63.339828293373515,-148.10653017224627,36,36,1,1887908
Nenana River,81246000161,81246000160791,63.340388217939385,-148.1027759476033,30,30,1,1888091
Nenana River,81246000161,81246000160801,63.34094537731304,-148.0992012574481,36,36,1,1888289
Nenana River,81246000161,81246000160811,63.341415013971925,-148.09532344092904,36,36,1,1888506
Nenana River,81246000161,81246000160821,63.341274369128094,-148.09142237399183,30,30,1,1888690
Nenana River,81246000161,81246000160831,63.34157102090878,-148.08783752073336,42,42,1,1888897
Nenana River,81246000161,81246000160841,63.342822408432546,-148.08498782063035,36,36,1,1889089
Nenana River,81246000161,81246000160851,63.34449833279491,-148.08448010016124,36,36,1,1889307
Nenana River,81246000161,81246000160861,63.345708675294496,-148.08172375920293,42,42,1,1889500
Nenana River,81246000161,81246000160871,63.346925416536784,-148.07892804138456,36,36,1,1889691
Nenana River,81246000161,81246000160881,63.346897814049335,-148.0754501648007,39,39,1,1889875
Nenana River,81246000161,81246000160891,63.34692698841359,-148.07157190148615,42,42,1,1890088
Nenana River,81246000161,81246000160901,63.34792844515885,-148.06832060627457,51,51,1,1890291
Nenana River,81246000161,81246000160911,63.348396483481565,-148.06471535914557,36,36,1,1890500
Nenana River,81246000161,81246000160921,63.349450740894405,-148.0617568033403,36,36,1,1890670
Nenana River,81246000161,81246000160931,63.35059466610949,-148.0588013285169,36,36,1,1890875
Nenana River,81246000161,81246000160941,63.35102859635147,-148.05492027966264,36,36,1,1891087
Nenana River,81246000161,81246000160951,63.35148678024598,-148.0510399906648,42,42,1,1891288
Nenana River,81246000161,81246000160961,63.352568555983964,-148.04796171345768,39,39,1,1891486
