viirs_date,landsat_scene,row_shared_grid,col_shared_grid,lat,lon,water_fraction,I1,I2,I3,I4,I5,SZA,SAA,VZA,VAA,ground_truth_class,notes,modis_ndvi,modis_lc_type1,modis_lc_name
2022-10-23,LC90710162022296LGN01,2460,5353,63.68803,-152.91263,0.1985,0.1708,0.1547,0.0293,269.0381,268.3328,75.698,-170.242,9.002,-110.731,ice_covered_river_snow_covered_land,Landsat confirmed at 30m. ST_B10=269.22K NDSI=0.4974.,0.0416,7,Open Shrublands
2022-10-23,LC90710162022296LGN01,2588,5139,63.2556,-153.6356,0.0524,0.3179,0.4287,0.1385,274.2138,268.5153,75.22,-170.969,5.19,-104.387,ice_covered_river_snow_covered_land,Landsat confirmed at 30m. ST_B10=269.36K NDSI=0.5174.,0.1171,9,Savannas
2022-10-23,LC90710162022296LGN01,2650,5237,63.04614,-153.30452,0.0878,0.1516,0.1847,0.0556,268.3757,267.5816,75.035,-170.648,5.762,-110.831,ice_covered_river_snow_free_land,Landsat confirmed at 30m. ST_B10=269.0K NDSI=0.1913.,0.1618,9,Savannas
2022-10-23,LC90710162022296LGN01,2672,5624,62.97181,-151.99708,0.0996,0.128,0.0644,0.003,255.9958,255.8722,75.063,-169.333,10.346,-106.678,ice_covered_river_snow_covered_land,Landsat confirmed at 30m. ST_B10=259.93K NDSI=0.8986.,-0.1415,9,Savannas
2022-10-23,LC90710162022296LGN01,2708,6030,62.85019,-150.62546,0.0978,0.7553,0.8332,0.0639,260.6182,258.3924,75.067,-167.967,14.961,-106.555,ice_covered_river_snow_covered_land,Landsat confirmed at 30m. ST_B10=260.81K NDSI=0.9389.,-0.0256,16,Barren
2022-10-23,LC90710162022296LGN01,2772,6022,62.63398,-150.65249,0.0509,0.2347,0.2897,0.0529,271.7776,269.9403,74.849,-168.003,14.293,-106.878,ice_covered_river_snow_covered_land,Landsat confirmed at 30m. ST_B10=270.18K NDSI=0.9194.,0.0275,7,Open Shrublands
2022-10-23,LC90710162022296LGN01,2796,5135,62.55289,-153.64911,0.3068,0.0886,0.1013,0.0409,272.4958,271.8427,74.522,-171.003,3.058,-114.714,ice_covered_river_snow_covered_land,Landsat confirmed at 30m. ST_B10=268.9K NDSI=0.5945.,0.2768,8,Woody Savannas
2022-10-23,LC90710162022296LGN01,2826,5648,62.45154,-151.916,0.6918,0.1099,0.157,0.1421,276.5942,272.7167,74.555,-169.269,9.2,-107.895,ice_free_river_snow_free_land,Landsat confirmed at 30m. ST_B10=273.77K NDSI=-0.6304.,-0.0239,10,Grasslands
2022-10-23,LC90710162022296LGN01,2910,5214,62.16776,-153.38222,0.2188,0.1167,0.1188,0.0808,274.5899,269.1014,74.157,-170.746,2.934,-118.192,ice_covered_river_snow_covered_land,Landsat confirmed at 30m. ST_B10=268.91K NDSI=0.6773.,0.3824,11,Permanent Wetlands
2022-10-23,LC90710162022296LGN01,2972,5564,61.9583,-152.19979,0.1688,0.1052,0.1743,0.2189,279.5763,275.0755,74.044,-169.562,6.781,-108.055,ice_free_river_snow_free_land,Landsat confirmed at 30m. ST_B10=276.89K NDSI=-0.5656.,0.4487,9,Savannas
2022-10-23,LC90710162022296LGN01,2991,5762,61.89411,-151.53087,0.5833,0.094,0.1239,0.1299,277.0601,273.2748,74.041,-168.886,9.17,-104.883,ice_free_river_snow_free_land,Landsat confirmed at 30m. ST_B10=274.55K NDSI=-0.2041.,0.773,9,Savannas
2023-04-15,LC90730152023105LGN00,2087,4900,64.94764,-154.44426,0.3441,0.5324,0.6561,0.1252,271.797,266.6655,57.373,152.56,57.299,45.319,ice_covered_river_snow_free_land,Landsat confirmed at 30m. ST_B10=271.72K NDSI=-0.419.,0.0139,8,Woody Savannas
2023-04-15,LC90730152023105LGN00,2101,4961,64.90034,-154.23818,0.2274,0.359,0.4503,0.119,271.8844,267.7325,57.292,152.771,57.211,45.582,ice_covered_river_snow_covered_land,Landsat confirmed at 30m. ST_B10=269.77K NDSI=0.5745.,0.0667,8,Woody Savannas
2023-04-15,LC90730152023105LGN00,2117,4697,64.84628,-155.13007,0.2492,0.2357,0.3131,0.0826,270.6275,267.5956,57.415,151.748,58.257,44.845,ice_covered_river_snow_free_land,Landsat confirmed at 30m. ST_B10=269.29K NDSI=0.3191.,0.0121,8,Woody Savannas
2023-04-15,LC90730152023105LGN00,2139,4518,64.77196,-155.7348,0.1363,0.199,0.3148,0.132,272.4061,267.529,57.47,151.054,59.015,43.809,ice_covered_river_snow_covered_land,Landsat confirmed at 30m. ST_B10=270.37K NDSI=0.4379.,0.0759,8,Woody Savannas
2023-04-15,LC90730152023105LGN00,2154,4888,64.72128,-154.4848,0.0862,0.4074,0.5208,0.0995,269.5841,265.9178,57.179,152.436,57.912,45.02,ice_covered_river_snow_covered_land,Landsat confirmed at 30m. ST_B10=269.09K NDSI=0.5253.,0.045,8,Woody Savannas
2023-04-15,LC90730152023105LGN00,2174,4882,64.65372,-154.50507,0.1339,0.3788,0.502,0.1168,271.1807,266.7076,57.129,152.381,58.101,45.416,ice_covered_river_snow_covered_land,Landsat confirmed at 30m. ST_B10=270.2K NDSI=0.6194.,0.0784,8,Woody Savannas
2023-04-15,LC90730152023105LGN00,2244,5010,64.41723,-154.07264,0.0554,0.3804,0.4931,0.1091,271.8213,266.9498,56.833,152.791,58.242,45.291,ice_covered_river_snow_covered_land,Landsat confirmed at 30m. ST_B10=268.43K NDSI=0.8599.,0.0089,8,Woody Savannas
2023-04-15,LC90730152023105LGN00,2391,5487,63.92061,-152.46115,0.1981,0.5623,0.6912,0.1308,269.8947,264.756,56.089,154.441,57.763,47.485,ice_covered_river_snow_covered_land,Landsat confirmed at 30m. ST_B10=267.37K NDSI=0.852.,-0.0216,9,Savannas
2023-05-19,LC90710152023139LGN00,2014,5781,65.1927,-151.46696,0.8571,0.0823,0.1173,0.0681,285.4581,279.6069,46.664,158.216,48.845,51.026,ice_free_river_snow_free_land,Landsat confirmed at 30m. ST_B10=273.03K NDSI=0.525 APPROVED.,0.5181,1,Evergreen Needleleaf Forests
2023-05-19,LC90710152023139LGN00,2035,5601,65.12175,-152.07506,0.2298,0.0862,0.1657,0.1518,290.8279,279.5051,46.693,157.437,49.898,50.47,ice_free_river_snow_free_land,Landsat confirmed at 30m. ST_B10=286.26K NDSI=-0.5108 APPROVED.,0.6174,4,Deciduous Broadleaf Forests
2023-05-19,LC90710152023139LGN00,2046,5727,65.08459,-151.64939,0.0516,0.0724,0.1356,0.1341,292.2304,285.7985,46.589,157.952,49.416,50.561,ice_free_river_snow_free_land,Landsat confirmed at 30m. ST_B10=295.62K NDSI=-0.5678 APPROVED.,0.3592,8,Woody Savannas
2023-09-25,LC80700152023268LGN00,2117,6477,64.84628,-149.11655,0.3396,0.0978,0.174,0.1139,277.9627,275.5739,67.134,160.527,53.1,48.706,ice_free_river_snow_free_land,Landsat confirmed at 30m. ST_B10=277.78K NDSI=-0.5384.,0.2499,8,Woody Savannas
2023-09-25,LC80700152023268LGN00,2139,6911,64.77196,-147.65034,0.1395,0.0919,0.1547,0.1192,279.1832,277.0727,66.869,162.058,51.402,50.59,ice_free_river_snow_free_land,Landsat confirmed at 30m. ST_B10=278.85K NDSI=-0.3411.,0.5036,8,Woody Savannas
2023-09-25,LC80700152023268LGN00,2164,6203,64.6875,-150.04223,0.095,0.0982,0.1701,0.1375,277.953,276.3004,67.118,159.53,54.64,47.396,ice_free_river_snow_free_land,Landsat confirmed at 30m. ST_B10=278.8K NDSI=-0.5175.,0.4932,8,Woody Savannas
2023-09-25,LC80700152023268LGN00,2193,6476,64.58953,-149.11993,0.0755,0.1078,0.2265,0.137,277.8001,275.5353,66.894,160.473,53.797,48.861,ice_free_river_snow_free_land,Landsat confirmed at 30m. ST_B10=278.2K NDSI=-0.5432.,0.4633,8,Woody Savannas
2023-09-25,LC80700152023268LGN00,2270,6057,64.32939,-150.53547,0.2026,0.0784,0.1193,0.0638,275.3397,274.4296,66.86,158.93,56.147,46.889,ice_free_river_snow_free_land,Landsat confirmed at 30m. ST_B10=278.2K NDSI=-0.4605.,0.4832,8,Woody Savannas
2023-09-25,LC80700152023268LGN00,2323,6022,64.15034,-150.65372,0.2846,0.1085,0.1886,0.1299,278.0282,275.2334,66.712,158.764,56.738,47.524,ice_free_river_snow_free_land,Landsat confirmed at 30m. ST_B10=277.76K NDSI=-0.5285.,0.4994,9,Savannas
2023-09-25,LC80700152023268LGN00,2433,5707,63.77872,-151.71791,0.0774,0.0985,0.1812,0.1215,277.7225,275.0649,66.542,157.57,58.777,46.217,ice_free_river_snow_free_land,Landsat confirmed at 30m. ST_B10=277.65K NDSI=-0.4686.,0.599,9,Savannas
2023-09-25,LC80700152023268LGN00,2465,6175,63.67061,-150.13682,0.1323,0.1287,0.159,0.132,280.3795,274.8929,66.188,159.213,57.348,47.517,ice_free_river_snow_free_land,Landsat confirmed at 30m. ST_B10=279.61K NDSI=-0.3256.,0.3326,10,Grasslands
2023-09-25,LC80700152023268LGN00,2490,6249,63.58615,-149.88682,0.1908,0.1032,0.1504,0.1141,277.5769,273.7768,66.074,159.455,57.278,48.236,ice_free_river_snow_free_land,Landsat confirmed at 30m. ST_B10=277.11K NDSI=-0.225.,0.4124,9,Savannas
2023-10-26,LC90710162023299LGN00,2462,5588,63.68074,-152.11993,0.1702,0.4974,0.5953,0.0999,266.5267,263.8329,77.069,165.477,54.14,50.128,ice_covered_river_snow_covered_land,Landsat confirmed at 30m. ST_B10=259.64K NDSI=0.7164 CLOUD.,0.0307,7,Open Shrublands
2023-10-26,LC90710162023299LGN00,2500,5819,63.55236,-151.33953,0.1194,0.9126,1.1152,0.4774,281.6752,256.9358,76.858,166.233,53.443,50.825,ice_covered_river_snow_covered_land,Landsat confirmed at 30m. ST_B10=266.89K NDSI=0.7813 CLOUD.,0.0346,9,Savannas
2023-10-26,LC90710162023299LGN00,2535,5891,63.43412,-151.09628,0.1505,0.6085,0.7362,0.2141,269.8025,265.0052,76.721,166.457,53.421,50.692,ice_covered_river_snow_covered_land,Landsat confirmed at 30m. ST_B10=266.13K NDSI=0.874 CLOUD.,0.0234,10,Grasslands
2023-10-26,LC90710162023299LGN00,2555,5878,63.36655,-151.1402,0.0713,0.6217,0.7412,0.1283,270.4916,267.2622,76.66,166.399,53.669,51.12,ice_covered_river_snow_covered_land,Landsat confirmed at 30m. ST_B10=268.53K NDSI=0.9186 CLOUD.,0.0071,9,Savannas
2023-10-26,LC90710162023299LGN00,2703,5640,62.86655,-151.94426,0.2672,0.7566,0.8557,0.1473,268.7105,265.4545,76.263,165.556,55.99,50.763,ice_covered_river_snow_covered_land,Landsat confirmed at 30m. ST_B10=268.37K NDSI=0.8936 APPROVED.,-0.0393,16,Barren
2023-10-26,LC90710162023299LGN00,2724,6021,62.79561,-150.65709,0.1143,0.6958,0.7517,0.1048,271.9475,266.3777,76.056,166.814,54.457,51.242,ice_covered_river_snow_covered_land,Landsat confirmed at 30m. ST_B10=268.56K NDSI=0.9453 APPROVED.,-0.0259,16,Barren
2023-10-26,LC90710162023299LGN00,2746,6142,62.72128,-150.24831,0.8041,0.2026,0.2071,0.1855,277.7443,268.5714,75.947,167.203,54.058,51.904,ice_free_river_snow_free_land,Landsat confirmed at 30m. ST_B10=274.75K NDSI=-0.3035 APPROVED.,0.4645,11,Permanent Wetlands
2023-10-26,LC90710162023299LGN00,2771,6086,62.63682,-150.4375,0.1266,0.2075,0.2213,0.1821,275.6236,270.2246,75.881,167.013,54.525,51.633,ice_free_river_snow_free_land,Landsat confirmed at 30m. ST_B10=274.48K NDSI=-0.6335 APPROVED.,0.2689,10,Grasslands
2023-10-26,LC90710162023299LGN00,2895,5201,62.21791,-153.42736,0.2035,0.1681,0.22,0.0732,276.3127,274.5384,75.815,164.035,59.225,49.1,ice_free_river_snow_free_land,Landsat confirmed at 30m. ST_B10=277.24K NDSI=-0.5012 APPROVED.,0.4253,10,Grasslands
2023-10-26,LC90710162023299LGN00,2936,5779,62.07939,-151.47466,0.2469,0.1319,0.1525,0.1475,274.5317,270.9337,75.451,165.931,57.198,50.553,ice_free_river_snow_free_land,Landsat confirmed at 30m. ST_B10=273.11K NDSI=-0.607 APPROVED.,0.3598,8,Woody Savannas
2023-10-26,LC90710162023299LGN00,2969,5552,61.96791,-152.24155,0.2551,0.1089,0.1348,0.1462,274.4686,272.4886,75.435,165.153,58.41,50.745,ice_free_river_snow_free_land,Landsat confirmed at 30m. ST_B10=275.26K NDSI=-0.5764 APPROVED.,0.3478,8,Woody Savannas
2024-03-14,LC90750142024074LGN01,2072,4164,64.99831,-156.93074,0.1569,0.6202,0.7457,0.1402,253.5378,247.3956,69.635,152.577,56.163,45.706,ice_covered_river_snow_covered_land,Landsat confirmed at 30m. ST_B10=250.42K NDSI=0.9063.,0.0003,9,Savannas
2024-03-14,LC90750142024074LGN01,2089,4890,64.94088,-154.47804,0.1121,0.4737,0.5821,0.167,259.4268,249.7473,69.135,155.084,53.504,47.949,ice_covered_river_snow_free_land,Landsat confirmed at 30m. ST_B10=254.11K NDSI=0.1638.,0.0162,11,Permanent Wetlands
2024-03-14,LC90750142024074LGN01,2110,4794,64.86993,-154.80236,0.2469,0.395,0.4737,0.1296,258.5824,248.8066,69.13,154.725,54.099,47.933,ice_covered_river_snow_covered_land,Landsat confirmed at 30m. ST_B10=251.53K NDSI=0.8576.,-0.003,9,Savannas
2024-03-14,LC90750142024074LGN01,2123,4671,64.82601,-155.21791,0.2903,0.1436,0.2035,0.0616,255.5881,251.7094,69.166,154.298,54.689,46.701,ice_covered_river_snow_free_land,Landsat confirmed at 30m. ST_B10=253.42K NDSI=0.1188.,0.2008,1,Evergreen Needleleaf Forests
2024-04-27,LC80710142024118LGN00,1723,6679,66.17648,-148.43388,0.6221,0.2985,0.3337,0.0476,275.6021,272.6602,53.767,155.116,50.314,47.282,ice_covered_river_snow_covered_land,Landsat confirmed at 30m. ST_B10=273.43K NDSI=0.9986 APPROVED.,0.0794,8,Woody Savannas
2024-04-27,LC80710142024118LGN00,1749,6528,66.08864,-148.94402,0.151,0.1932,0.2261,0.061,276.9112,273.5066,53.774,154.491,51.216,47.053,ice_covered_river_snow_free_land,Landsat confirmed at 30m. ST_B10=274.7K NDSI=0.6253 APPROVED.,0.0906,8,Woody Savannas
2024-04-27,LC80710142024118LGN00,2090,6290,64.93661,-149.74807,0.0565,0.1074,0.151,0.1628,281.7583,276.7008,52.898,153.107,55.37,46.346,ice_covered_river_snow_free_land,Landsat confirmed at 30m. ST_B10=280.26K NDSI=-0.0217 APPROVED.,0.3466,8,Woody Savannas
2024-04-27,LC80710142024118LGN00,2164,6471,64.68661,-149.13659,0.3064,0.0761,0.1263,0.0924,280.8219,277.1434,52.562,153.724,55.329,46.884,ice_free_river_snow_free_land,Landsat confirmed at 30m. ST_B10=279.25K NDSI=0.8 APPROVED.,0.0565,8,Woody Savannas
2024-10-18,LC80730142024292LGN00,2017,5766,65.18454,-151.51878,0.6786,0.0923,0.1604,0.0432,263.4062,262.5588,76.016,-165.391,27.459,-102.594,ice_covered_river_snow_free_land,Landsat confirmed at 30m. ST_B10=261.51K NDSI=-0.3823 APPROVED.,0.2944,1,Evergreen Needleleaf Forests
2024-10-18,LC80730142024292LGN00,2065,5739,65.02238,-151.60999,0.092,0.1204,0.1723,0.0604,265.2747,263.6925,75.847,-165.488,26.87,-103.768,ice_covered_river_snow_free_land,Landsat confirmed at 30m. ST_B10=264.39K NDSI=0.1048 APPROVED.,0.2908,8,Woody Savannas
2025-04-20,LC90730162025110LGN00,2640,5198,63.07927,-153.43621,0.0647,0.2859,0.3227,0.0385,276.8725,274.2866,51.268,-176.732,6.079,68.769,ice_covered_river_snow_free_land,Landsat confirmed at 30m. ST_B10=275.48K NDSI=0.9073 APPROVED.,0.1614,8,Woody Savannas
2025-04-20,LC90730162025110LGN00,2670,4668,62.97791,-155.22675,0.3422,0.2516,0.2707,0.0398,277.0737,274.3653,51.137,-178.957,12.709,67.038,ice_covered_river_snow_free_land,Landsat confirmed at 30m. ST_B10=274.86K NDSI=0.9072 APPROVED.,-0.0725,9,Savannas
2025-04-20,LC90730162025110LGN00,2681,4552,62.94075,-155.61864,0.2929,0.2723,0.3101,0.0477,277.1738,274.495,51.097,-179.453,14.197,67.905,ice_covered_river_snow_free_land,Landsat confirmed at 30m. ST_B10=275.51K NDSI=0.363 APPROVED.,-0.1299,9,Savannas
2025-04-20,LC90730162025110LGN00,2715,4549,62.82589,-155.62878,0.0873,0.1213,0.1817,0.0607,279.0821,276.54,50.983,-179.475,14.623,67.978,ice_covered_river_snow_free_land,Landsat confirmed at 30m. ST_B10=276.23K NDSI=0.8692 APPROVED.,0.0583,1,Evergreen Needleleaf Forests
2025-04-20,LC90730162025110LGN00,2733,5050,62.76508,-153.93621,0.3361,0.1562,0.1582,0.0767,282.6533,278.1468,50.941,-177.366,8.913,68.401,ice_covered_river_snow_free_land,Landsat confirmed at 30m. ST_B10=274.8K NDSI=0.9689 APPROVED.,0.0073,9,Savannas
2025-04-20,LC90730162025110LGN00,2766,4515,62.65359,-155.74364,0.3201,0.2462,0.2693,0.0479,277.5155,273.5088,50.808,-179.628,15.596,66.769,ice_covered_river_snow_free_land,Landsat confirmed at 30m. ST_B10=277.21K NDSI=0.1476 APPROVED.,0.3055,1,Evergreen Needleleaf Forests
2025-04-20,LC90730162025110LGN00,2790,4516,62.57251,-155.74026,0.5162,0.2523,0.2876,0.0579,278.9051,274.0349,50.729,-179.634,15.87,67.776,ice_covered_river_snow_free_land,Landsat confirmed at 30m. ST_B10=277.08K NDSI=0.8582 APPROVED.,0.13,8,Woody Savannas
2025-04-20,LC90730162025110LGN00,2862,5108,62.32927,-153.74026,0.0595,0.5652,0.5882,0.1094,281.762,273.8761,50.511,-177.138,9.661,67.9,ice_covered_river_snow_covered_land,Landsat confirmed at 30m. ST_B10=269.9K NDSI=0.8734 APPROVED.,-0.0269,10,Grasslands
2025-04-20,LC90730162025110LGN00,2929,4380,62.10291,-156.19972,0.2536,0.2111,0.2431,0.0613,279.0426,275.2199,50.259,179.759,18.988,66.471,ice_covered_river_snow_free_land,Landsat confirmed at 30m. ST_B10=273.12K NDSI=0.8861 APPROVED.,0.1836,1,Evergreen Needleleaf Forests
2025-04-20,LC90730162025110LGN00,2972,4896,61.95764,-154.45648,0.1561,0.3073,0.3577,0.0626,278.4278,275.3857,50.126,-178.051,13.445,67.12,ice_covered_river_snow_covered_land,Landsat confirmed at 30m. ST_B10=275.17K NDSI=0.8931 APPROVED.,0.0579,10,Grasslands
2025-05-15,LC90720142025135LGN00,1687,5531,66.29878,-152.31171,0.0614,0.0705,0.158,0.0956,281.5588,278.7188,47.437,170.943,25.118,60.53,ice_free_river_snow_free_land,Landsat confirmed at 30m. ST_B10=280.8K NDSI=-0.4811 APPROVED.,0.4556,8,Woody Savannas
2025-05-15,LC90720142025135LGN00,1719,5744,66.19068,-151.59211,0.0576,0.0705,0.1493,0.1366,284.8952,280.2281,47.289,171.825,23.695,60.778,ice_free_river_snow_free_land,Landsat confirmed at 30m. ST_B10=281.75K NDSI=-0.5054 APPROVED.,0.5247,9,Savannas
2025-05-15,LC90720142025135LGN00,1779,6531,65.98797,-148.93333,0.087,0.1405,0.1926,0.0552,278.5354,275.5458,46.968,175.163,17.213,64.968,ice_free_river_snow_free_land,Landsat confirmed at 30m. ST_B10=276.4K NDSI=0.2851 APPROVED.,0.313,9,Savannas
2025-05-15,LC90720142025135LGN00,1932,6016,65.47108,-150.67319,0.4346,0.106,0.1004,0.0109,273.4834,273.3766,46.531,172.851,23.973,62.457,ice_covered_river_snow_free_land,Landsat confirmed at 30m. ST_B10=277.92K NDSI=0.0957 APPROVED.,0.5213,11,Permanent Wetlands
2025-05-15,LC90720142025135LGN00,2019,5733,65.17716,-151.62927,0.5926,0.096,0.0731,0.0075,273.248,272.5553,46.293,171.563,27.559,60.352,ice_free_river_snow_free_land,Landsat confirmed at 30m. ST_B10=273.8K NDSI=0.9308 APPROVED.,0.5667,8,Woody Savannas
2025-05-15,LC90720142025135LGN00,2032,5567,65.13324,-152.19008,0.2311,0.0805,0.1083,0.0984,293.5067,284.047,46.286,170.825,29.147,61.101,ice_free_river_snow_free_land,Landsat confirmed at 30m. ST_B10=289.52K NDSI=-0.5386 APPROVED.,0.4033,8,Woody Savannas
2025-05-15,LC90720142025135LGN00,2041,5119,65.10284,-153.7036,0.3308,0.0694,0.1395,0.0751,284.8855,282.822,46.366,168.881,32.878,59.261,ice_free_river_snow_free_land,Landsat confirmed at 30m. ST_B10=283.05K NDSI=0.1721 APPROVED.,0.3929,8,Woody Savannas
2025-05-15,LC90720142025135LGN00,2092,5893,64.93054,-151.08873,0.5939,0.0816,0.0548,0.0585,284.7908,281.2811,46.021,172.211,27.035,60.774,ice_free_river_snow_free_land,Landsat confirmed at 30m. ST_B10=282.94K NDSI=0.5108 APPROVED.,0.1237,8,Woody Savannas
2024-02-02,LC09_L1TP_076014_20240202_20240202_02_T2,1846,4231,65.76061,-156.70358,0.053,0.5038,0.746,0.2035,233.6236,228.431,85.3058,-153.8659,65.0447,-84.9958,ice_covered_river_snow_covered_land,Check,-0.0021,1,Evergreen Needleleaf Forests
2024-02-02,LC09_L1TP_076014_20240202_20240202_02_T2,1780,4557,65.98358,-155.602,0.0916,0.4171,0.7446,0.1809,239.6203,233.5195,85.7089,-152.825,66.1693,-84.169,ice_covered_river_snow_free_land,,0.0478,8,Woody Savannas
2024-02-02,LC09_L1TP_076014_20240202_20240202_02_T2,2161,4152,64.69642,-156.97,0.0932,0.4018,0.595,0.1324,242.4332,236.2839,84.2851,-154.151,64.8945,-85.3825,ice_covered_river_snow_covered_land,,0.086,8,Woody Savannas
2024-02-02,LC09_L1TP_076014_20240202_20240202_02_T2,2132,4015,64.79439,-157.433,0.1666,0.3741,0.5119,0.124,239.816,231.9094,84.2892,-154.589,64.3443,-85.9787,ice_covered_river_snow_covered_land,,0.017,8,Woody Savannas
2024-02-02,LC09_L1TP_076014_20240202_20240202_02_T2,1964,4338,65.36196,-156.342,0.0592,0.471,0.7094,0.2277,238.3921,232.1212,85.0088,-153.537,65.5026,-84.7223,ice_covered_river_snow_covered_land,,-0.022,7,Open Shrublands
2024-02-02,LC09_L1TP_076014_20240202_20240202_02_T2,1992,4247,65.26736,-156.65,0.0592,0.3996,0.602,0.134,237.7503,234.1258,84.8627,-153.835,65.1741,-85.1298,ice_covered_river_snow_covered_land,,-0.0095,9,Savannas
2024-02-02,LC09_L1TP_076014_20240202_20240202_02_T2,2013,4329,65.19642,-156.373,0.061,0.459,0.679,0.2036,239.1905,232.3436,84.8517,-153.569,65.4968,-84.704,ice_covered_river_snow_covered_land,,-0.0332,9,Savannas
2024-02-02,LC09_L1TP_076014_20240202_20240202_02_T2,2052,4085,65.06466,-157.197,0.0707,0.4558,0.725,0.1853,237.3992,233.2994,84.5786,-154.36,64.5837,-85.738,ice_covered_river_snow_covered_land,,-0.0093,9,Savannas
2024-02-02,LC09_L1TP_076014_20240202_20240202_02_T2,2097,3985,64.91264,-157.535,0.1967,0.3265,0.4689,0.1835,245.6338,236.7994,84.3787,-154.685,64.209,-86.1835,ice_covered_river_snow_free_land,,0.0055,8,Woody Savannas
2024-02-02,LC09_L1TP_076014_20240202_20240202_02_T2,1861,4572,65.70993,-155.552,0.1669,0.3993,0.6587,0.1528,238.5735,235.0692,85.4708,-152.783,66.2783,-83.9491,ice_covered_river_snow_covered_land,,-0.0135,8,Woody Savannas
2024-02-02,LC09_L1TP_076014_20240202_20240202_02_T2,1920,4390,65.51061,-156.166,0.2062,0.5427,0.8124,0.2183,234.8,229.8594,85.1758,-153.372,65.6618,-84.7739,ice_covered_river_snow_covered_land,,-0.0419,9,Savannas
2024-02-02,LC09_L1TP_076014_20240202_20240202_02_T2,1762,4095,66.04439,-157.163,0.0804,0.426,0.6611,0.1294,235.8822,231.4842,85.4778,-154.299,64.4906,-85.6033,ice_covered_river_snow_covered_land,,-0.0113,9,Savannas
2024-02-02,LC09_L1TP_076014_20240202_20240202_02_T2,1808,4452,65.88899,-155.957,0.1088,0.506,0.787,0.241,237.01,229.3886,85.5573,-153.161,65.8184,-84.4855,ice_covered_river_snow_covered_land,,-0.0358,9,Savannas
2024-02-02,LC09_L1TP_076014_20240202_20240202_02_T2,1818,4333,65.8552,-156.359,0.1002,0.4145,0.6131,0.1188,238.98,232.0012,85.4516,-153.545,65.3941,-85.1306,ice_covered_river_snow_covered_land,,-0.0326,9,Savannas
2024-02-02,LC09_L1TP_076014_20240202_20240202_02_T2,1833,4352,65.80453,-156.295,0.6276,0.454,0.7252,0.1924,239.458,231.5582,85.419,-153.481,65.4764,-84.7122,ice_covered_river_snow_covered_land,,0.0479,1,Evergreen Needleleaf Forests
2024-02-02,LC09_L1TP_076014_20240202_20240202_02_T2,1846,4231,65.76061,-156.704,0.053,0.5038,0.746,0.2035,233.6236,228.431,85.3058,-153.866,65.0447,-84.9958,ice_covered_river_snow_covered_land,,-0.0021,1,Evergreen Needleleaf Forests
2024-02-03,LC08_L1TP_075015_20240203_20240208_02_T1,2004,3911,65.22777,-157.785,0.053,0.2528,0.413,0.1174,248.7751,237.9116,83.5613,-159.398,57.7135,-90.0035,ice_covered_river_snow_covered_land,,0.0481,8,Woody Savannas
2024-02-03,LC08_L1TP_075015_20240203_20240208_02_T1,2053,3945,65.06223,-157.67,0.2121,0.3772,0.5727,0.1647,251.5773,235.4395,83.4197,-159.303,57.8424,-90.8158,ice_covered_river_snow_covered_land,check,-0.0554,1,Evergreen Needleleaf Forests
2024-02-03,LC08_L1TP_075015_20240203_20240208_02_T1,2076,4128,64.98453,-157.052,0.1282,0.4442,0.6706,0.1312,238.6196,232.9799,83.4406,-158.713,58.7251,-89.8515,ice_covered_river_snow_covered_land,,-0.0304,9,Savannas
2024-02-03,LC08_L1TP_075015_20240203_20240208_02_T1,2110,3942,64.86966,-157.68,0.5371,0.4831,0.7223,0.1958,241.3977,233.2686,83.2374,-159.322,57.7967,-90.9248,ice_covered_river_snow_covered_land,,-0.0014,9,Savannas
2024-02-03,LC08_L1TP_075015_20240203_20240208_02_T1,2126,3998,64.81561,-157.491,0.2881,0.3129,0.4433,0.1013,238.6381,233.0974,83.2145,-159.139,58.0718,-90.4055,ice_covered_river_snow_free_land,check,0.0324,8,Woody Savannas
2024-02-03,LC08_L1TP_075015_20240203_20240208_02_T1,2147,4196,64.74466,-156.822,0.0644,0.3738,0.5725,0.1157,241.9185,235.0533,83.252,-158.507,59.0208,-90.0656,ice_covered_river_snow_covered_land,,0.0117,8,Woody Savannas
2024-02-03,LC08_L1TP_075015_20240203_20240208_02_T1,2155,4423,64.71764,-156.055,0.5536,0.494,0.717,0.1671,243.8112,237.2571,83.3495,-157.77,60.0943,-88.7759,ice_covered_river_snow_covered_land,,-0.0217,11,Permanent Wetlands
2024-02-03,LC08_L1TP_075015_20240203_20240208_02_T1,2166,4220,64.68047,-156.741,0.1095,0.3645,0.5656,0.1186,240.4788,235.0028,83.2022,-158.424,59.1398,-89.6471,ice_covered_river_snow_free_land,check,-0.0251,8,Woody Savannas
2024-02-03,LC08_L1TP_075015_20240203_20240208_02_T1,2175,4444,64.65007,-155.984,0.0711,0.3021,0.4452,0.0963,237.5882,237.1181,83.2962,-157.708,60.1833,-88.9479,ice_covered_river_snow_covered_land,check,0.0173,8,Woody Savannas
2024-02-03,LC08_L1TP_075015_20240203_20240208_02_T1,2184,4043,64.61966,-157.339,0.0958,0.4603,0.6992,0.1313,241.9838,235.5826,83.053,-159,58.2708,-90.3489,ice_covered_river_snow_covered_land,,0.0019,9,Savannas
2024-02-03,LC08_L1TP_075015_20240203_20240208_02_T1,2198,3973,64.57236,-157.575,0.1001,0.4815,0.6808,0.1351,240.2957,234.5736,82.971,-159.227,57.917,-90.9145,ice_covered_river_snow_covered_land,,-0.0236,9,Savannas
2024-02-03,LC08_L1TP_075015_20240203_20240208_02_T1,2215,3955,64.51493,-157.636,0.1304,0.5653,0.8045,0.1875,240.3709,234.392,82.909,-159.285,57.8211,-90.624,ice_covered_river_snow_covered_land,,-0.0393,7,Open Shrublands
2024-02-03,LC08_L1TP_075015_20240203_20240208_02_T1,2229,3777,64.46764,-158.238,0.0554,0.3088,0.434,0.1004,240.1296,236.6547,82.7747,-159.854,56.9139,-91.048,ice_covered_river_snow_free_land,check,-0.0079,9,Savannas
2024-02-03,LC08_L1TP_075015_20240203_20240208_02_T1,2239,3763,64.43385,-158.285,0.1422,0.3892,0.5541,0.1265,243.8475,236.3586,82.7363,-159.899,56.8366,-91.0572,ice_covered_river_snow_free_land,check,0.0184,9,Savannas
2024-02-03,LC08_L1TP_075015_20240203_20240208_02_T1,2247,3826,64.40682,-158.072,0.073,0.3352,0.4386,0.0819,239.6826,234.9708,82.7421,-159.696,57.1591,-90.6922,ice_covered_river_snow_covered_land,Check - ice_covered_river_snow_free_land,0.0611,8,Woody Savannas
2024-02-03,LC08_L1TP_075015_20240203_20240208_02_T1,2257,3925,64.37304,-157.738,0.0792,0.5114,0.7231,0.1663,235.6505,231.609,82.7592,-159.382,57.653,-90.6563,ice_covered_river_snow_covered_land,,-0.0395,7,Open Shrublands
2024-02-03,LC08_L1TP_075015_20240203_20240208_02_T1,2288,3718,64.26831,-158.437,0.0725,0.2404,0.3483,0.062,241.6141,236.4053,82.5555,-160.049,56.5698,-91.3344,ice_covered_river_snow_free_land,,0.0935,8,Woody Savannas
2024-02-03,LC08_L1TP_075015_20240203_20240208_02_T1,2333,3672,64.11628,-158.592,0.552,0.4635,0.6286,0.1306,241.8209,235.7197,82.387,-160.202,56.2926,-91.3868,ice_covered_river_snow_free_land,Check- ice_covered_river_snow_covered_land,0.0195,9,Savannas
2024-02-03,LC08_L1TP_075015_20240203_20240208_02_T1,2458,3939,63.69399,-157.69,0.075,0.333,0.4776,0.1204,242.184,236.6478,82.1249,-159.351,57.6264,-90.7162,ice_covered_river_snow_covered_land,check with naira,0.1202,9,Savannas
2024-02-03,LC08_L1TP_075015_20240203_20240208_02_T1,2474,4012,63.63993,-157.444,0.0588,0.2652,0.3932,0.1068,241.6189,237.747,82.1106,-159.123,57.9857,-90.849,ice_covered_river_snow_covered_land,,0.0324,8,Woody Savannas
2024-02-03,LC08_L1TP_075015_20240203_20240208_02_T1,2485,3910,63.60277,-157.788,0.0855,0.2581,0.3746,0.1332,247.4888,239.9899,82.0237,-159.444,57.4631,-90.6053,ice_covered_river_snow_covered_land,Check - ice_covered_river_snow_free_land,0.0197,8,Woody Savannas
2024-02-03,LC08_L1TP_075015_20240203_20240208_02_T1,2498,3968,63.55885,-157.592,0.0687,0.5436,0.7464,0.1585,241.9246,234.4051,82.0114,-159.263,57.7512,-90.809,ice_covered_river_snow_covered_land,,-0.0354,9,Savannas
2024-02-02,LC09_L1TP_076013_20240202_20240202_02_T1,1558,3725,66.73507,-158.412,0.0759,0.5265,0.8359,0.2074,240.3595,233.7136,85.8996,-155.458,63.0038,-86.8103,ice_covered_river_snow_covered_land,Too Shiny,-0.0237,9,Savannas
2024-02-02,LC09_L1TP_076013_20240202_20240202_02_T1,1629,4118,66.4952,-157.085,0.1653,0.4588,0.7276,0.2175,244.6932,239.8315,85.9059,-154.209,64.5109,-85.3819,ice_covered_river_snow_covered_land,Too Shiny,-0.0683,7,Open Shrublands
2024-02-02,LC09_L1TP_076013_20240202_20240202_02_T1,1639,4021,66.46142,-157.412,0.2062,0.5303,0.7784,0.1812,242.3441,236.9471,85.8184,-154.517,64.1615,-85.2496,ice_covered_river_snow_covered_land,Too Shiny,-0.0341,7,Open Shrublands
2024-02-02,LC09_L1TP_076013_20240202_20240202_02_T1,1650,3622,66.42426,-158.76,0.2374,0.5237,0.774,0.2381,243.4679,237.3788,85.5559,-155.796,62.6358,-86.8805,ice_covered_river_snow_covered_land,Too Shiny,-0.0324,7,Open Shrublands
2024-02-02,LC09_L1TP_076013_20240202_20240202_02_T1,1785,4556,65.96818,-155.605,0.3679,0.3712,0.5767,0.1391,241.6593,233.5979,85.694,-152.832,66.1646,-83.9449,ice_covered_river_snow_free_land,check,-0.0717,1,Evergreen Needleleaf Forests
2024-07-01,LC08_L1TP_078013_20240701_20240711_02_T1,1426,3639,67.18169,-158.706,0.4505,0.0884,0.2184,0.0905,293.4564,288.2212,46.6756,-148.43,58.6583,-89.2678,ice_free_river_snow_free_land,,0.6686,9,Savannas
2024-07-01,LC08_L1TP_078013_20240701_20240711_02_T1,1485,3976,66.98236,-157.568,0.0657,0.0652,0.119,0.0511,294.6423,290.344,46.74,-146.946,60.1003,-88.3658,ice_free_river_snow_free_land,,0.6739,7,Open Shrublands
2024-07-01,LC08_L1TP_078013_20240701_20240711_02_T1,1503,4110,66.92155,-157.115,0.0677,0.1134,0.4088,0.2938,303.7914,295.9839,46.7865,-146.359,60.6651,-88.0343,ice_free_river_snow_free_land,,0.6529,7,Open Shrublands
2024-07-01,LC08_L1TP_078013_20240701_20240711_02_T1,1514,4119,66.88439,-157.084,0.0754,0.0851,0.352,0.1758,297.7232,291.7326,46.7614,-146.31,60.699,-88.0325,ice_free_river_snow_free_land,,0.7739,5,Mixed Forests
2024-07-01,LC08_L1TP_078013_20240701_20240711_02_T1,1597,4042,66.60399,-157.345,0.0999,0.0939,0.3626,0.2163,299.4834,292.223,46.4672,-146.507,60.3839,-88.514,ice_free_river_snow_free_land,,0.7272,7,Open Shrublands
2024-07-01,LC08_L1TP_078013_20240701_20240711_02_T1,1614,3229,66.54655,-160.091,0.3134,0.0962,0.2363,0.1483,295.7187,290.3002,45.8426,-149.895,56.7056,-91.0061,ice_free_river_snow_free_land,,0.496,11,Permanent Wetlands
2024-07-01,LC08_L1TP_078013_20240701_20240711_02_T1,1623,3553,66.51615,-158.997,0.1783,0.0834,0.2712,0.1465,298.372,291.5157,46.0367,-148.524,58.2149,-90.1595,ice_free_river_snow_free_land,,0.8239,7,Open Shrublands
2024-07-01,LC08_L1TP_078013_20240701_20240711_02_T1,1644,2742,66.4452,-161.736,0.1116,0.0991,0.2975,0.2168,295.7233,289.5352,45.4342,-151.916,54.2549,-92.2503,ice_free_river_snow_free_land,,0.5979,7,Open Shrublands
2024-07-01,LC08_L1TP_078013_20240701_20240711_02_T1,1689,3070,66.29318,-160.628,0.2524,0.0835,0.2071,0.1314,296.7193,290.7287,45.5116,-150.467,55.886,-91.2736,ice_free_river_snow_free_land,,0.5902,7,Open Shrublands
2024-06-10,LC09_L1TP_156230_20240610_20240610_02_T1,1922,3756,65.5052,-158.309,0.0527,0.0781,0.2614,0.155,298.2722,293.5381,45.2639,-147.82,56.8546,-90.7265,ice_free_river_snow_free_land,,0.7951,8,Woody Savannas
2024-06-10,LC09_L1TP_156230_20240610_20240610_02_T1,2005,4122,65.2248,-157.073,0.0677,0.0831,0.2798,0.1643,300.2857,295.4839,45.3042,-146.145,58.5967,-89.8353,ice_free_river_snow_free_land,,0.7346,9,Savannas
2024-06-10,LC09_L1TP_156230_20240610_20240610_02_T1,2058,4026,65.04574,-157.397,0.5218,0.0744,0.3213,0.1518,297.2463,293.1231,45.0779,-146.472,58.1142,-90.4728,ice_free_river_snow_free_land,,0.661,8,Woody Savannas
2024-06-10,LC09_L1TP_156230_20240610_20240610_02_T1,2083,3996,64.96128,-157.498,0.3565,0.071,0.147,0.0737,293.4898,289.642,44.9818,-146.557,57.9598,-90.4278,ice_free_river_snow_land,Check,0.6219,9,Savannas
2024-06-10,LC09_L1TP_156230_20240610_20240610_02_T1,1842,3192,65.77547,-160.214,0.1138,0.0933,0.2315,0.1832,298.2466,293.4355,45.0951,-150.341,53.9783,-92.8009,ice_free_river_snow_free_land,,0.6556,7,Open Shrublands
2024-06-10,LC09_L1TP_156230_20240610_20240610_02_T1,2039,2952,65.10993,-161.025,0.0507,0.0808,0.2081,0.1731,299.9318,294.7357,44.3443,-151.098,52.4254,-93.5304,ice_free_river_snow_free_land,Check,0.747,7,Open Shrublands
2024-06-11,LC08_L1TP_082011_20240611_20240628_02_T1,540,2676,70.17264,-161.956,0.821,0.1526,0.0979,0.0263,273.4203,273.0753,48.906,-152.125,54.8959,-92.1956,ice_covered_river_snow_free_land,,0.0645,10,Grasslands
2024-06-11,LC08_L1TP_082011_20240611_20240628_02_T1,560,2656,70.10507,-162.024,0.2898,0.1889,0.1444,0.0146,274.6312,273.0291,48.8374,-152.184,54.7955,-91.9101,ice_free_river_snow_free_land,Check- ice_free_river_snow_land,0.2024,10,Grasslands
2024-06-11,LC08_L1TP_082011_20240611_20240628_02_T1,501,2970,70.30439,-160.963,0.7393,0.2862,0.2489,0.0543,276.2521,274.1423,49.1848,-150.982,56.1632,-91.3402,ice_free_river_snow_free_land,,-0.0096,10,Grasslands
2024-06-11,LC08_L1TP_082011_20240611_20240628_02_T1,511,3077,70.27061,-160.602,0.3673,0.3795,0.3387,0.0436,275.8609,273.2178,49.2134,-150.536,56.6017,-90.8566,ice_free_river_snow_free_land,Check-ice_free_river_snow_land,-0.087,10,Grasslands
2024-06-11,LC08_L1TP_082011_20240611_20240628_02_T1,519,3118,70.24358,-160.463,0.1477,0.2418,0.2478,0.0683,277.1263,274.3734,49.2141,-150.355,56.7724,-89.9929,ice_free_river_snow_free_land,,0.0244,7,Open Shrublands
2024-06-11,LC08_L1TP_082011_20240611_20240628_02_T1,572,2687,70.06453,-161.919,0.1005,0.2396,0.1657,0.0227,274.6095,272.791,48.818,-152.042,54.9264,-91.684,ice_free_river_snow_free_land,,0.4234,7,Open Shrublands
2024-06-11,LC08_L1TP_082011_20240611_20240628_02_T1,590,3121,70.00372,-160.453,0.7866,0.2676,0.1989,0.0755,277.7251,274.0185,49.0033,-150.263,56.7553,-90.3927,ice_free_river_snow_free_land,,0.3224,7,Open Shrublands
2024-06-11,LC08_L1TP_082011_20240611_20240628_02_T1,625,2481,69.88547,-162.615,0.1088,0.2575,0.2667,0.0867,278.7151,275.649,48.5421,-152.823,53.9656,-92.4503,ice_free_river_snow_land,,0.3641,11,Permanent Wetlands
2024-06-11,LC08_L1TP_082011_20240611_20240628_02_T1,639,2881,69.83818,-161.264,0.0511,0.1352,0.2422,0.2124,285.8277,280.7503,48.7177,-151.182,55.7189,-91.4792,ice_free_river_snow_free_land,,0.288,7,Open Shrublands
2024-06-11,LC08_L1TP_082011_20240611_20240628_02_T1,653,2402,69.79088,-162.882,0.0941,0.1469,0.2149,0.1466,282.9945,278.8557,48.4163,-153.119,53.5774,-92.8319,ice_free_river_snow_land,,0.4642,10,Grasslands
2024-06-11,LC08_L1TP_082011_20240611_20240628_02_T1,677,2653,69.7098,-162.034,0.1183,0.1434,0.1905,0.1332,284.6043,279.6859,48.4775,-152.068,54.6948,-92.1266,ice_free_river_snow_free_land,,0.3762,7,Open Shrublands
2024-06-11,LC08_L1TP_082011_20240611_20240628_02_T1,694,2613,69.65236,-162.169,0.2664,0.1521,0.2009,0.1022,280.5663,277.7654,48.4029,-152.211,54.5039,-92.4905,ice_free_river_snow_free_land,,0.0644,10,Grasslands
2024-06-11,LC08_L1TP_082011_20240611_20240628_02_T1,705,3129,69.6152,-160.426,0.16,0.1315,0.1464,0.1259,282.6167,277.6658,48.6645,-150.096,56.745,-90.6238,ice_free_river_snow_free_land,,0.3213,7,Open Shrublands
2024-06-11,LC08_L1TP_082011_20240611_20240628_02_T1,717,2764,69.57466,-161.659,0.0954,0.2557,0.3079,0.0794,280.0883,276.8796,48.4176,-151.57,55.1622,-92.0124,ice_free_river_snow_free_land,,0.365,7,Open Shrublands
2024-06-11,LC08_L1TP_082011_20240611_20240628_02_T1,735,2562,69.51385,-162.342,0.3711,0.0644,0.0337,0.0079,275.6275,275.0133,48.2523,-152.369,54.2454,-92.1214,ice_free_river_snow_free_land,,0.2828,7,Open Shrublands
2024-06-11,LC08_L1TP_082011_20240611_20240628_02_T1,757,2842,69.43953,-161.396,0.0527,0.1577,0.2488,0.1919,285.9797,281.4292,48.3433,-151.205,55.484,-91.5525,ice_free_river_snow_free_land,,0.5241,7,Open Shrublands
2024-06-11,LC08_L1TP_082011_20240611_20240628_02_T1,819,2697,69.23007,-161.885,0.0822,0.1136,0.1787,0.2084,289.9077,283.936,48.0735,-151.725,54.7957,-91.98,ice_free_river_snow_free_land,,0.476,7,Open Shrublands
2024-06-11,LC08_L1TP_082011_20240611_20240628_02_T1,857,2419,69.10169,-162.825,0.0713,0.1172,0.2408,0.2636,294.3968,288.9392,47.8031,-152.826,53.4664,-92.8378,ice_free_river_snow_free_land,,0.5152,7,Open Shrublands
2024-07-01,LC08_L1TP_078013_20240701_20240711_02_T1,1524,3639,66.85061,-158.706,0.074,0.1137,0.3991,0.274,302.74,294.6472,46.3867,-148.296,58.6346,-89.5944,ice_free_river_snow_free_land,,0.7095,7,Open Shrublands
2024-07-01,LC08_L1TP_078013_20240701_20240711_02_T1,1544,3449,66.78304,-159.348,0.1882,0.0936,0.2258,0.1174,297.6487,291.5409,46.1986,-149.061,57.7745,-89.7814,ice_free_river_snow_free_land,,0.7564,9,Savannas
2024-07-01,LC08_L1TP_078013_20240701_20240711_02_T1,1553,3619,66.75264,-158.774,0.3393,0.093,0.3134,0.1993,300.1145,293.1086,46.2892,-148.332,58.5456,-89.7082,ice_free_river_snow_free_land,,0.7516,7,Open Shrublands
2020-03-04,LC80740172020064LGN00,2994,4372,61.88352,-156.22935,0.0597,0.3741,0.4919,0.1254,256.8426,250.2738,70.385,154.528,61.165,48.086,ice_covered_river_snow_covered_land,Landsat confirmed at 30m. ST_B10=251.17K NDSI=0.6931. GEE visual confirmed 2026-04-25. Cloud-free.,0.1741,1,Evergreen Needleleaf Forests
2020-03-04,LC80740172020064LGN00,3024,4279,61.78217,-156.54354,0.4781,0.5835,0.7428,0.2295,257.5973,249.0242,70.352,154.198,61.702,47.342,ice_covered_river_snow_covered_land,Landsat confirmed at 30m. ST_B10=249.63K NDSI=0.8204. SR_B2>1.0 bright snow artifact. GEE visual confirmed 2026-04-25. Cloud-free.,0.0434,9,Savannas
2020-03-04,LC80740172020064LGN00,3048,4159,61.70109,-156.94895,0.515,0.5912,0.7428,0.2014,260.4435,251.8954,70.367,153.767,62.278,47.373,ice_covered_river_snow_covered_land,Landsat confirmed at 30m. ST_B10=253.14K NDSI=0.5955. GEE visual confirmed 2026-04-25. Cloud-free.,0.0312,5,Mixed Forests
2020-03-04,LC80740172020064LGN00,3067,4374,61.6369,-156.2226,0.0836,0.376,0.4845,0.1419,256.7165,249.7192,70.164,154.484,61.675,48.25,ice_covered_river_snow_covered_land,Landsat confirmed at 30m. ST_B10=251.53K NDSI=0.7385. GEE visual confirmed 2026-04-25. Cloud-free.,0.0982,5,Mixed Forests
2020-03-04,LC80740172020064LGN00,3082,4126,61.58622,-157.06043,0.2048,0.3644,0.4597,0.1577,260.2252,253.1239,70.288,153.628,62.628,47.581,ice_covered_river_snow_covered_land,Landsat confirmed at 30m. ST_B10=253.08K NDSI=0.8411. SR_B2>1.0 bright snow artifact. GEE visual confirmed 2026-04-25. Cloud-free.,0.009,8,Woody Savannas
2020-03-04,LC80740172020064LGN00,3090,4128,61.5592,-157.05368,0.0597,0.5775,0.7263,0.194,257.6434,250.0316,70.258,153.638,62.674,46.898,ice_covered_river_snow_covered_land,Landsat confirmed at 30m. ST_B10=251.64K NDSI=0.8078. SR_B2>1.0 bright snow artifact. GEE visual confirmed 2026-04-25. Cloud-free.,0.0249,9,Savannas
2020-03-04,LC80740172020064LGN00,3101,3657,61.52204,-158.64489,0.1097,0.4788,0.6306,0.2035,259.5239,250.6318,70.566,152.025,64.263,45.826,ice_covered_river_snow_covered_land,Landsat confirmed at 30m. ST_B10=250.81K NDSI=0.7518. GEE visual confirmed 2026-04-25. Cloud-free.,0.0599,8,Woody Savannas
2020-03-04,LC80740172020064LGN00,3186,3517,61.23487,-159.11787,0.0904,0.4536,0.57,0.2032,260.5479,251.0811,70.422,151.481,65.249,45.705,ice_covered_river_snow_covered_land,Landsat confirmed at 30m. ST_B10=251.5K NDSI=0.6739. GEE visual confirmed 2026-04-25. Cloud-free.,0.0364,8,Woody Savannas
2020-03-04,LC80740172020064LGN00,3287,3905,60.89366,-157.80706,0.0724,0.2284,0.3043,0.0993,260.2809,255.5598,69.837,152.726,64.702,46.697,ice_covered_river_snow_covered_land,Landsat confirmed at 30m. ST_B10=254.87K NDSI=0.62. GEE visual confirmed 2026-04-25. Cloud-free.,0.0421,8,Woody Savannas
2021-05-03,LC80730152021123LGN00,2103,4755,64.89295,-154.93421,0.5179,0.2586,0.2845,0.0711,279.4089,274.749,54.684,136.053,67.302,32.486,ice_free_river_snow_land,Landsat confirmed at 30m. ST_B10=277.72K NDSI=0.9046. GEE visual confirmed 2026-04-25 — dark river open water land patchy white snow on hillsides. Cloud-free.,-0.0896,1,Evergreen Needleleaf Forests
2021-05-03,LC80730152021123LGN00,2117,4671,64.84565,-155.21799,0.7486,0.2319,0.2838,0.0847,279.455,274.5384,54.732,135.721,67.549,32.089,ice_free_river_snow_land,Borderline ST_B10=272.76K but VIIRS I4=279.5K and wf=0.75 confirm liquid water dominant. GEE visual confirmed 2026-04-25 — dark river open water land patchy white snow. Cloud-free.,0.0589,9,Savannas
2021-05-03,LC80730152021123LGN00,2134,4621,64.78822,-155.38691,0.2086,0.2792,0.3339,0.0753,278.7708,274.6508,54.738,135.505,67.762,32.06,ice_free_river_snow_land,Landsat confirmed at 30m. ST_B10=274.83K NDSI=0.9518. GEE visual confirmed 2026-04-25 — dark river open water land patchy white snow on hillsides. Cloud-free.,0.0996,8,Woody Savannas
2021-05-03,LC80730152021123LGN00,2149,4546,64.73755,-155.64029,0.2127,0.2979,0.365,0.085,277.213,270.9723,54.776,135.214,67.988,31.641,ice_free_river_snow_free_land,Landsat confirmed at 30m. ST_B10=280.04K NDSI=0.1709. GEE visual confirmed 2026-04-25 — dark river open water land dark red/brown no snow. Cloud-free.,0.1318,8,Woody Savannas
2021-05-03,LC80730152021123LGN00,2165,4868,64.68349,-154.55245,0.1269,0.1624,0.2009,0.0918,278.169,273.0046,54.423,136.366,67.526,32.684,ice_free_river_snow_free_land,Landsat confirmed at 30m. ST_B10=279.28K NDSI=0.0675. GEE visual confirmed 2026-04-25 — dark river open water land dark red/brown no snow. Cloud-free.,0.0924,8,Woody Savannas
2021-05-03,LC80730152021123LGN00,2213,4965,64.52133,-154.22475,0.0901,0.2256,0.3004,0.1636,275.3567,262.6992,54.217,136.631,67.68,33.514,ice_free_river_snow_free_land,Landsat confirmed at 30m. ST_B10=280.37K NDSI=-0.2837. GEE visual confirmed 2026-04-25 — dark river open water land dark red/brown no snow. Cloud-free.,0.5454,8,Woody Savannas
2021-05-03,LC80730152021123LGN00,2283,4831,64.28484,-154.67745,0.0598,0.3299,0.3993,0.0957,278.5815,272.8291,54.176,136.019,68.397,32.312,ice_free_river_snow_land,Landsat confirmed at 30m. ST_B10=276.98K NDSI=0.4354. GEE visual confirmed 2026-04-25 — dark river open water land patchy white/red mixed snow partial. Cloud-free.,-0.0359,8,Woody Savannas
2021-05-03,LC80730152021123LGN00,2504,5226,63.53822,-153.34299,0.1227,0.1483,0.194,0.1131,280.4062,273.8083,53.255,137.065,69.131,34.317,ice_free_river_snow_land,Landsat confirmed at 30m. ST_B10=278.6K NDSI=0.5059. GEE visual confirmed 2026-04-25 — dark stream land white/patchy snow on ridges. Cloud-free.,0.2585,8,Woody Savannas
2021-05-03,LC80730152021123LGN00,2532,5134,63.44363,-153.6538,0.0836,0.2702,0.3214,0.0945,279.0716,272.2534,53.279,136.677,69.471,33.845,ice_free_river_snow_land,Landsat confirmed at 30m. ST_B10=277.59K NDSI=0.6488. GEE visual confirmed 2026-04-25 — dark stream land heavy white snow on terrain. Cloud-free.,0.403,9,Savannas
2021-05-03,LC80730152021123LGN00,1997,4812,65.25106,-154.74164,0.1099,0.2179,0.3026,0.1672,279.424,271.3941,54.881,136.462,66.444,32.249,ice_free_river_snow_free_land,Landsat confirmed at 30m. ST_B10=277.23K NDSI=0.3312.,0.4398,9,Savannas
2021-05-03,LC80730152021123LGN00,2075,5193,64.98755,-153.45448,0.0912,0.3664,0.4017,0.0679,277.5783,272.3434,54.333,137.738,66.27,33.687,ice_free_river_snow_land,Landsat confirmed at 30m. ST_B10=274.9K NDSI=0.9882.,-0.0232,8,Woody Savannas
2021-05-03,LC80730152021123LGN00,2093,4812,64.92674,-154.74164,0.4158,0.3448,0.3915,0.0877,279.4564,274.6783,54.65,136.294,67.122,32.529,ice_free_river_snow_land,Landsat confirmed at 30m. ST_B10=273.83K NDSI=0.9592.,0.0215,5,Mixed Forests
2021-05-03,LC80730152021123LGN00,2106,4922,64.88282,-154.37002,0.0501,0.191,0.2529,0.1702,281.0062,272.2187,54.513,136.676,67.01,32.919,ice_free_river_snow_land,Landsat confirmed at 30m. ST_B10=278.73K NDSI=0.767.,0.2633,8,Woody Savannas
2021-05-03,LC80730152021123LGN00,2112,4987,64.86255,-154.15042,0.1685,0.1721,0.2097,0.1114,279.2889,273.2136,54.435,136.903,66.936,32.933,ice_free_river_snow_free_land,Landsat confirmed at 30m. ST_B10=279.03K NDSI=-0.0755.,0.0472,5,Mixed Forests
2021-05-03,LC80730152021123LGN00,2120,4741,64.83552,-154.9815,0.0589,0.1669,0.2155,0.0995,281.236,277.2844,54.657,135.968,67.45,32.758,ice_free_river_snow_land,Landsat confirmed at 30m. ST_B10=279.01K NDSI=0.5138.,0.2467,8,Woody Savannas
2021-05-03,LC80730152021123LGN00,2128,5029,64.80849,-154.00853,0.0635,0.1549,0.2097,0.0813,279.191,273.1618,54.358,137.031,66.966,33.452,ice_free_river_snow_land,Landsat confirmed at 30m. ST_B10=277.54K NDSI=0.591.,0.4273,8,Woody Savannas
2021-05-03,LC80730152021123LGN00,2138,4818,64.77471,-154.72137,0.1035,0.2496,0.2992,0.1046,279.8276,273.7549,54.54,136.224,67.431,32.913,ice_free_river_snow_land,Landsat confirmed at 30m. ST_B10=274.79K NDSI=0.9538.,-0.0122,8,Woody Savannas
2021-05-03,LC80730152021123LGN00,2145,4917,64.75106,-154.38691,0.056,0.1346,0.1677,0.0883,278.7806,274.3364,54.426,136.578,67.299,33.096,ice_free_river_snow_land,Landsat confirmed at 30m. ST_B10=279.31K NDSI=0.5311.,0.2672,8,Woody Savannas
2021-05-03,LC80730152021123LGN00,2160,4890,64.70038,-154.47813,0.1024,0.1395,0.1779,0.0986,278.4588,273.7396,54.418,136.448,67.452,33.16,ice_free_river_snow_free_land,Landsat confirmed at 30m. ST_B10=280.44K NDSI=0.2422.,0.441,5,Mixed Forests
2021-05-03,LC80730152021123LGN00,2201,4923,64.56187,-154.36664,0.1387,0.1819,0.2338,0.124,276.7424,268.9453,54.283,136.509,67.67,32.893,ice_free_river_snow_free_land,Landsat confirmed at 30m. ST_B10=279.03K NDSI=0.0271.,0.3299,8,Woody Savannas
2021-05-03,LC80730152021123LGN00,2226,4847,64.47741,-154.6234,0.2284,0.3432,0.3838,0.0783,278.7347,271.9456,54.301,136.167,67.988,33.182,ice_free_river_snow_land,Landsat confirmed at 30m. ST_B10=275.38K NDSI=0.9123.,-0.0525,8,Woody Savannas
2021-05-03,LC80730152021123LGN00,2243,5086,64.41998,-153.81596,0.1424,0.1473,0.1827,0.0776,278.0716,272.6059,54.026,137.024,67.666,33.927,ice_free_river_snow_free_land,Landsat confirmed at 30m. ST_B10=279.06K NDSI=-0.3764.,0.1333,8,Woody Savannas
2021-05-03,LC80730152021123LGN00,2311,5045,64.19025,-153.95448,0.0805,0.2228,0.3012,0.1927,279.6176,259.5507,53.899,136.76,68.191,33.272,ice_free_river_snow_free_land,Landsat confirmed at 30m. ST_B10=273.95K NDSI=-0.2869.,0.3693,8,Woody Savannas
2021-05-03,LC80730152021123LGN00,2362,4875,64.01795,-154.5288,0.0645,0.2247,0.2881,0.1582,278.7632,261.7716,53.945,136.035,68.838,32.723,ice_free_river_snow_free_land,Landsat confirmed at 30m. ST_B10=277.0K NDSI=0.3421.,-0.0244,8,Woody Savannas
2021-05-03,LC80730152021123LGN00,2447,5363,63.73079,-152.88015,0.0913,0.164,0.2239,0.1336,282.0416,273.496,53.256,137.692,68.503,34.65,ice_free_river_snow_land,Landsat confirmed at 30m. ST_B10=274.74K NDSI=0.844.,0.3219,9,Savannas
2021-05-03,LC80730152021123LGN00,2479,5156,63.62268,-153.57948,0.0627,0.1544,0.2229,0.1066,281.2382,276.5593,53.384,136.853,69.1,34.097,ice_free_river_snow_free_land,Landsat confirmed at 30m. ST_B10=278.26K NDSI=0.1364.,0.4606,9,Savannas
2021-05-03,LC80730152021123LGN00,2498,5218,63.55849,-153.37002,0.0502,0.1561,0.2186,0.1387,280.8454,270.5826,53.273,137.059,69.102,33.92,ice_free_river_snow_free_land,Landsat confirmed at 30m. ST_B10=283.14K NDSI=-0.113.,0.4828,8,Woody Savannas
2021-05-03,LC80730152021123LGN00,2548,5369,63.38957,-152.85988,0.0831,0.3816,0.4443,0.1151,275.5856,259.503,53.004,137.52,69.148,35.001,ice_covered_river_snow_covered_land,Landsat confirmed at 30m. ST_B10=269.32K NDSI=0.9654.,-0.0323,9,Savannas
2022-03-11,LC90730152022070LGN01,2106,4786,64.88282,-154.82948,0.8376,0.7099,0.8187,0.1047,258.8517,255.6511,68.339,178.244,5.068,63.547,ice_covered_river_snow_covered_land,Landsat confirmed at 30m. ST_B10=255.05K NDSI=0.8491. SR_B2>1.0 bright snow artifact. GEE visual confirmed 2026-04-25 — frozen river white snow-covered land. Cloud-free.,0.0364,8,Woody Savannas
2022-03-11,LC90730152022070LGN01,2120,4791,64.83552,-154.81258,0.0841,0.3555,0.4461,0.0924,263.9959,260.537,68.292,178.253,5.176,69.408,ice_covered_river_snow_covered_land,Landsat confirmed at 30m. ST_B10=258.52K NDSI=0.8743. GEE visual confirmed 2026-04-25 — frozen river white snow-covered land. Cloud-free.,0.0354,8,Woody Savannas
2022-03-11,LC90730152022070LGN01,2138,5404,64.77471,-152.74164,0.2183,0.573,0.6679,0.0838,261.9576,258.5293,68.22,-179.546,1.679,-98.271,ice_covered_river_snow_covered_land,Landsat confirmed at 30m. ST_B10=258.8K NDSI=0.8232. SR_B2>1.0 bright snow artifact. GEE visual confirmed 2026-04-25 — frozen river white snow-covered land. Cloud-free.,0.0704,8,Woody Savannas
2022-03-11,LC90730152022070LGN01,2152,4901,64.72741,-154.44096,0.0511,0.1932,0.2663,0.0682,265.0102,262.5869,68.179,178.64,4.31,63.898,ice_covered_river_snow_free_land,Landsat confirmed at 30m. ST_B10=263.17K NDSI=-0.9204. Negative SR_B2 dark ice surface artifact. GEE visual confirmed 2026-04-25 — frozen river white land dark red/brown snow-free. Cloud-free.,0.0269,8,Woody Savannas
2022-03-11,LC90730152022070LGN01,2170,5716,64.6666,-151.68758,0.0772,0.6713,0.7748,0.0981,262.045,258.5609,68.119,-178.439,4.886,-111.711,ice_covered_river_snow_covered_land,Landsat confirmed at 30m. ST_B10=258.16K NDSI=0.8404. SR_B2>1.0 bright snow artifact. GEE visual confirmed 2026-04-25 — frozen river white snow-covered land. Cloud-free.,-0.0241,7,Open Shrublands
2022-03-11,LC90730152022070LGN01,2232,4993,64.45714,-154.13015,0.1871,0.1897,0.2655,0.0617,264.6705,262.4254,67.904,178.949,4.177,65.991,ice_covered_river_snow_covered_land,Landsat confirmed at 30m. ST_B10=262.45K NDSI=0.4713. GEE visual confirmed 2026-04-25 — frozen river white snow-covered land. Cloud-free.,0.1374,5,Mixed Forests
2022-03-11,LC90730152022070LGN01,2495,5400,63.56863,-152.75515,0.0827,0.7424,0.8451,0.114,272.144,260.6318,67.016,-179.649,2.325,69.549,ice_covered_river_snow_covered_land,Landsat confirmed at 30m. ST_B10=260.14K NDSI=0.8619. SR_B2>1.0 bright snow artifact. GEE visual confirmed 2026-04-25 — frozen river white snow-covered land. Cloud-free.,-0.0109,9,Savannas
2022-03-11,LC90730152022070LGN01,2583,5032,63.27133,-153.9984,0.0717,0.1487,0.2098,0.0464,264.5685,263.4503,66.72,178.993,7.727,69.998,ice_covered_river_snow_free_land,Landsat confirmed at 30m. ST_B10=262.99K NDSI=-0.0369. GEE visual confirmed 2026-04-25 — frozen river white land dark red/brown snow-free. Cloud-free.,0.0765,1,Evergreen Needleleaf Forests
2022-10-05,LC90730152022278LGN01,2092,5421,64.93011,-152.68421,0.5365,0.0382,0.0319,0.0146,277.3205,277.0309,70.079,-173.542,2.858,-108.424,ice_free_river_snow_free_land,Landsat confirmed at 30m. ST_B10=277.9K NDSI=0.2879.,0.6459,8,Woody Savannas
2022-10-05,LC90730152022278LGN01,2346,4955,64.07201,-154.25853,0.0629,0.0553,0.1245,0.102,280.3132,278.6247,69.16,-175.221,5.369,64.852,ice_free_river_snow_free_land,Landsat confirmed at 30m. ST_B10=280.57K NDSI=-0.5976.,0.4813,8,Woody Savannas
2024-06-09,LC09_L1TP_149232_20240609_20240609_02_T1,804,5914,69.28358,-151.02007,0.3569,0.1956,0.2056,0.0869,280.169,276.6422,49.7352,-142.6402,63.7332,-85.0535,ice_free_river_snow_free_land,Landsat confirmed at 30m. ST_B10=275.13K NDSI=0.0689.,0.4897,7,Open Shrublands
2024-06-09,LC09_L1TP_149232_20240609_20240609_02_T1,822,6105,69.22277,-150.3748,0.0655,0.2817,0.3223,0.1021,280.0698,276.3057,49.8259,-141.8513,64.3802,-83.963,ice_free_river_snow_free_land,Landsat confirmed at 30m. ST_B10=273.33K NDSI=0.0168.,0.5561,7,Open Shrublands
2024-06-09,LC09_L1TP_149232_20240609_20240609_02_T1,842,5966,69.1552,-150.84439,0.0727,0.1393,0.2131,0.1806,288.1028,282.0269,49.6692,-142.3816,63.9297,-84.7937,ice_free_river_snow_free_land,Landsat confirmed at 30m. ST_B10=275.58K NDSI=-0.0487.,0.5246,7,Open Shrublands
2024-06-09,LC09_L1TP_149232_20240609_20240609_02_T1,868,5896,69.06736,-151.08088,0.0547,0.1261,0.1656,0.1855,289.6186,282.6864,49.5455,-142.6185,63.7155,-85.0588,ice_free_river_snow_free_land,Landsat confirmed at 30m. ST_B10=275.73K NDSI=0.034.,0.368,7,Open Shrublands
2024-06-09,LC09_L1TP_149232_20240609_20240609_02_T1,895,5858,68.97615,-151.20926,0.0515,0.1824,0.2501,0.1772,287.1107,281.4367,49.4458,-142.722,63.612,-84.8288,ice_free_river_snow_free_land,Landsat confirmed at 30m. ST_B10=275.77K NDSI=0.0039.,0.5676,7,Open Shrublands
2024-06-09,LC09_L1TP_149232_20240609_20240609_02_T1,919,6026,68.89507,-150.64169,0.071,0.1347,0.2331,0.2275,290.5853,283.9312,49.5048,-142.0109,64.2005,-83.9535,ice_free_river_snow_free_land,Landsat confirmed at 30m. ST_B10=275.88K NDSI=-0.013.,0.4347,7,Open Shrublands
2024-06-09,LC09_L1TP_149232_20240609_20240609_02_T1,938,5880,68.83088,-151.13493,0.2525,0.1307,0.1393,0.1226,285.6755,279.8802,49.3455,-142.5701,63.7157,-84.5628,ice_free_river_snow_free_land,Landsat confirmed at 30m. ST_B10=276.08K NDSI=0.0057.,0.5226,7,Open Shrublands
2024-06-09,LC09_L1TP_149232_20240609_20240609_02_T1,963,5228,68.74642,-153.33764,0.1387,0.14,0.223,0.223,291.4312,284.1425,48.8026,-145.1487,61.4018,-86.9449,ice_free_river_snow_free_land,Landsat confirmed at 30m. ST_B10=277.71K NDSI=-0.028.,0.5349,7,Open Shrublands
2024-06-09,LC09_L1TP_149232_20240609_20240609_02_T1,980,5649,68.68899,-151.91534,0.0781,0.1267,0.2246,0.2286,290.8647,284.1294,49.0566,-143.4402,62.9294,-85.9538,ice_free_river_snow_free_land,Landsat confirmed at 30m. ST_B10=276.93K NDSI=0.0676.,0.5485,7,Open Shrublands
2024-06-09,LC09_L1TP_149232_20240609_20240609_02_T1,997,6282,68.63155,-149.77682,0.1273,0.1841,0.229,0.159,285.5697,280.9196,49.4898,-140.8897,65.096,-83.8695,ice_free_river_snow_free_land,Landsat confirmed at 30m. ST_B10=275.39K NDSI=-0.0276.,0.3405,7,Open Shrublands
2024-06-09,LC09_L1TP_149232_20240609_20240609_02_T1,1017,6192,68.56399,-150.08088,0.05,0.1715,0.3228,0.2332,289.0202,283.2502,49.3687,-141.2098,64.8297,-83.7657,ice_free_river_snow_free_land,Landsat confirmed at 30m. ST_B10=275.29K NDSI=-0.0443.,0.5851,7,Open Shrublands
2024-06-09,LC09_L1TP_149232_20240609_20240609_02_T1,1034,5024,68.50655,-154.02682,0.2964,0.1441,0.2124,0.2235,288.5573,280.3306,48.4598,-145.8808,60.6422,-87.5613,ice_free_river_snow_free_land,Landsat confirmed at 30m. ST_B10=277.24K NDSI=-0.0628.,0.4583,7,Open Shrublands
2024-06-09,LC09_L1TP_149232_20240609_20240609_02_T1,1049,6218,68.45588,-149.99304,0.1416,0.1983,0.297,0.3051,299.5043,279.36,49.2995,-141.0591,64.9279,-83.9672,ice_free_river_snow_free_land,Landsat confirmed at 30m. ST_B10=278.11K NDSI=-0.0712.,0.33,7,Open Shrublands
2024-06-09,LC09_L1TP_149232_20240609_20240609_02_T1,1060,6222,68.41872,-149.97953,0.0861,0.1435,0.2768,0.2685,291.3089,284.575,49.2757,-141.0238,64.9527,-83.9336,ice_free_river_snow_free_land,Landsat confirmed at 30m. ST_B10=278.59K NDSI=0.0403.,0.5327,7,Open Shrublands
2024-06-09,LC08_L1TP_157233_20240609_20240627_02_T1,764,2378,69.41655,-162.96358,0.1168,0.2351,0.293,0.1623,284.7964,280.2174,47.7398,-157.0627,48.6973,-95.9576,ice_free_river_snow_free_land,Landsat confirmed at 30m. ST_B10=274.16K NDSI=0.0464.,0.4614,7,Open Shrublands
2024-06-09,LC08_L1TP_157233_20240609_20240627_02_T1,776,2447,69.37601,-162.73047,0.6093,0.249,0.1889,0.046,277.4821,275.19,47.7363,-156.7576,49.0565,-95.3582,ice_free_river_snow_free_land,Landsat confirmed at 30m. ST_B10=276.99K NDSI=-0.0347.,0.2909,7,Open Shrublands
2024-06-09,LC08_L1TP_157232_20240609_20240627_02_T1,912,1956,68.91669,-164.39115,0.1272,0.2512,0.3399,0.2515,289.7716,283.2544,47.0804,-158.6859,45.9991,-97.1902,ice_free_river_snow_free_land,Landsat confirmed at 30m. ST_B10=274.37K NDSI=-0.1064.,0.2449,7,Open Shrublands
2024-06-09,LC08_L1TP_157232_20240609_20240627_02_T1,933,1944,68.84574,-164.43169,0.0993,0.1933,0.2895,0.2107,287.9899,282.3785,47.0084,-158.7186,45.8763,-97.2056,ice_free_river_snow_free_land,Landsat confirmed at 30m. ST_B10=275.2K NDSI=0.0937.,0.5086,7,Open Shrublands
2024-06-09,LC08_L1TP_157232_20240609_20240627_02_T1,1192,2540,67.97074,-162.41818,0.3746,0.0754,0.1453,0.1215,289.9482,286.4123,46.4782,-155.9694,48.7788,-95.1308,ice_free_river_snow_free_land,Landsat confirmed at 30m. ST_B10=280.41K NDSI=-0.0629.,0.6847,7,Open Shrublands
2024-06-09,LC08_L1TP_157232_20240609_20240627_02_T1,1201,2613,67.94034,-162.17155,0.1316,0.0917,0.1847,0.1684,297.0518,292.0499,46.488,-155.6578,49.1692,-95.2827,ice_free_river_snow_free_land,Landsat confirmed at 30m. ST_B10=282.12K NDSI=0.0672.,0.425,7,Open Shrublands
2024-06-09,LC08_L1TP_157232_20240609_20240627_02_T1,1211,2569,67.90655,-162.3202,0.3787,0.095,0.112,0.0787,292.3665,287.3743,46.4336,-155.8333,48.9005,-95.773,ice_free_river_snow_free_land,Landsat confirmed at 30m. ST_B10=282.22K NDSI=0.0316.,0.6839,1,Evergreen Needleleaf Forests
2024-06-09,LC08_L1TP_157232_20240609_20240627_02_T1,1222,2089,67.86939,-163.94182,0.0503,0.0974,0.2283,0.2439,297.855,292.5834,46.1606,-157.8504,46.0305,-96.9137,ice_free_river_snow_free_land,Landsat confirmed at 30m. ST_B10=282.11K NDSI=0.0261.,0.532,7,Open Shrublands
2024-06-09,LC08_L1TP_157232_20240609_20240627_02_T1,1233,2448,67.83223,-162.72899,0.0513,0.0807,0.16,0.1362,295.6816,291.4177,46.3033,-156.3251,48.1525,-95.9693,ice_free_river_snow_free_land,Landsat confirmed at 30m. ST_B10=282.04K NDSI=0.0339.,0.7752,7,Open Shrublands
2024-06-09,LC08_L1TP_157232_20240609_20240627_02_T1,1275,2508,67.69034,-162.52628,0.1002,0.0775,0.1544,0.1422,294.0843,290.53,46.2023,-156.0197,48.4304,-95.6516,ice_free_river_snow_free_land,Landsat confirmed at 30m. ST_B10=281.81K NDSI=0.0383.,0.6061,7,Open Shrublands
2024-06-09,LC08_L1TP_157232_20240609_20240627_02_T1,1290,2451,67.63966,-162.71885,0.2577,0.0979,0.238,0.2279,299.371,292.9997,46.127,-156.2517,48.0586,-95.8966,ice_free_river_snow_free_land,Landsat confirmed at 30m. ST_B10=281.83K NDSI=-0.0713.,0.6409,7,Open Shrublands
2024-06-09,LC08_L1TP_157232_20240609_20240627_02_T1,1306,2490,67.58561,-162.58709,0.2703,0.1017,0.2499,0.2475,296.9482,292.2455,46.0961,-156.0692,48.2564,-95.5356,ice_free_river_snow_free_land,Landsat confirmed at 30m. ST_B10=281.45K NDSI=-0.0039.,0.5695,7,Open Shrublands
2024-06-09,LC08_L1TP_157232_20240609_20240627_02_T1,1327,2380,67.51466,-162.95872,0.121,0.0969,0.1744,0.1406,294.0764,285.9739,45.9756,-156.5165,47.5562,-96.318,ice_free_river_snow_free_land,Landsat confirmed at 30m. ST_B10=281.58K NDSI=0.0303.,0.6875,1,Evergreen Needleleaf Forests
2024-06-09,LC09_L1TP_149231_20240609_20240609_02_T1,1684,6422,66.30804,-149.30115,0.0606,0.0836,0.2528,0.1261,295.0122,290.6513,47.7849,-139.2054,66.0435,-84.0509,ice_free_river_snow_free_land,Landsat confirmed at 30m. ST_B10=289.25K NDSI=0.0348.,0.7737,8,Woody Savannas
2024-06-09,LC09_L1TP_149231_20240609_20240609_02_T1,1693,6409,66.27764,-149.34507,0.7065,0.0756,0.121,0.067,290.5371,287.3572,47.7501,-139.2387,66.0075,-83.8574,ice_free_river_snow_free_land,Landsat confirmed at 30m. ST_B10=289.73K NDSI=0.0444.,0.4629,9,Savannas
2024-06-09,LC09_L1TP_149231_20240609_20240609_02_T1,1712,6410,66.21345,-149.34169,0.1165,0.0834,0.291,0.1691,294.952,290.9096,47.7014,-139.2032,66.0224,-84.077,ice_free_river_snow_free_land,Landsat confirmed at 30m. ST_B10=288.69K NDSI=-0.0045.,0.8342,8,Woody Savannas
2024-06-09,LC09_L1TP_149231_20240609_20240609_02_T1,1727,6417,66.16277,-149.31804,0.1151,0.0776,0.2669,0.1329,294.61,290.8393,47.6674,-139.1531,66.0534,-83.7471,ice_free_river_snow_free_land,Landsat confirmed at 30m. ST_B10=288.5K NDSI=0.0421.,0.7443,9,Savannas
2024-06-09,LC08_L1TP_157233_20240609_20240627_02_T1,763,2343,69.41993,-163.08182,0.1442,0.2804,0.3232,0.1441,285.3926,280.3124,47.7273,-157.2044,48.5163,-95.9089,ice_free_river_snow_free_land,Landsat confirmed at 30m. ST_B10=275.82K NDSI=-0.0649.,0.5339,10,Grasslands
2024-06-09,LC08_L1TP_157233_20240609_20240627_02_T1,794,2317,69.3152,-163.16966,0.4296,0.1352,0.1562,0.0812,281.8038,279.0242,47.618,-157.2795,48.3195,-95.7455,ice_free_river_snow_free_land,Landsat confirmed at 30m. ST_B10=274.7K NDSI=0.0663.,0.3209,7,Open Shrublands
2024-06-09,LC08_L1TP_157233_20240609_20240627_02_T1,808,2432,69.26791,-162.78115,0.0734,0.1638,0.2767,0.2401,291.6456,286.0477,47.6278,-156.7898,48.9155,-95.4082,ice_free_river_snow_free_land,Landsat confirmed at 30m. ST_B10=277.43K NDSI=-0.073.,0.5369,7,Open Shrublands
2024-06-09,LC08_L1TP_157233_20240609_20240627_02_T1,827,2287,69.20372,-163.27101,0.1116,0.1249,0.2014,0.193,288.8033,284.1836,47.4995,-157.3823,48.0764,-96.3619,ice_free_river_snow_free_land,Landsat confirmed at 30m. ST_B10=277.93K NDSI=-0.0623.,0.491,7,Open Shrublands
2024-06-09,LC08_L1TP_157233_20240609_20240627_02_T1,905,2025,68.9402,-164.15615,0.4586,0.3603,0.3546,0.1153,283.0842,278.0219,47.1344,-158.4116,46.4099,-97.1135,ice_free_river_snow_free_land,Landsat confirmed at 30m. ST_B10=275.13K NDSI=-0.0852.,0.4002,10,Grasslands
2024-06-09,LC08_L1TP_157233_20240609_20240627_02_T1,914,1893,68.9098,-164.60209,0.117,0.2026,0.2814,0.2186,287.403,281.681,47.0497,-158.9466,45.6264,-97.4395,ice_free_river_snow_free_land,Landsat confirmed at 30m. ST_B10=274.51K NDSI=-0.0968.,0.4162,11,Permanent Wetlands
2024-06-09,LC08_L1TP_157233_20240609_20240627_02_T1,932,1950,68.84899,-164.40953,0.056,0.2393,0.3229,0.2096,288.0051,282.4602,47.0159,-158.6961,45.9139,-96.9595,ice_free_river_snow_free_land,Landsat confirmed at 30m. ST_B10=276.76K NDSI=-0.0507.,0.4288,10,Grasslands
2024-09-23,LC09_L1TP_082013_20240923_20240923_02_T1,1344,2392,67.45804,-162.91804,0.115,0.1168,0.2539,0.2423,279.1916,276.2867,69.5735,-155.0207,52.7933,-93.5242,ice_free_river_snow_free_land,Landsat confirmed at 30m. ST_B10=276.11K NDSI=-0.1307.,0.4482,7,Open Shrublands
2024-09-23,LC09_L1TP_082013_20240923_20240923_02_T1,1362,2355,67.39723,-163.04304,0.4022,0.1215,0.1665,0.2045,282.243,277.2552,69.5006,-155.1359,52.5944,-93.3777,ice_free_river_snow_free_land,Landsat confirmed at 30m. ST_B10=277.86K NDSI=-0.0652.,0.1801,7,Open Shrublands
2024-09-23,LC09_L1TP_082013_20240923_20240923_02_T1,1375,2347,67.35331,-163.07007,0.6639,0.1201,0.1273,0.1391,281.1253,276.0441,69.4536,-155.1684,52.5252,-93.1947,ice_free_river_snow_free_land,Landsat confirmed at 30m. ST_B10=275.51K NDSI=0.1184.,0.2324,10,Grasslands
2024-09-23,LC09_L1TP_082013_20240923_20240923_02_T1,1387,2395,67.31277,-162.90791,0.2274,0.1032,0.1614,0.1809,279.7423,276.871,69.4432,-154.9928,52.766,-93.3968,ice_free_river_snow_free_land,Landsat confirmed at 30m. ST_B10=277.61K NDSI=-0.1474.,0.4377,7,Open Shrublands
2024-09-23,LC09_L1TP_082013_20240923_20240923_02_T1,1405,2406,67.25196,-162.87074,0.2703,0.1114,0.1837,0.1968,279.7985,276.7008,69.3929,-154.9505,52.8008,-93.1476,ice_free_river_snow_free_land,Landsat confirmed at 30m. ST_B10=278.12K NDSI=-0.1743.,0.482,7,Open Shrublands
2024-09-23,LC09_L1TP_082013_20240923_20240923_02_T1,1453,2227,67.0898,-163.47547,0.3273,0.0839,0.1044,0.0746,276.3474,275.3383,69.1453,-155.5728,51.7794,-93.9639,ice_free_river_snow_free_land,Landsat confirmed at 30m. ST_B10=276.3K NDSI=-0.0485.,0.5025,11,Permanent Wetlands
2024-09-23,LC09_L1TP_082014_20240923_20240923_02_T1,2145,1351,64.7502,-166.43372,0.1323,0.1236,0.2785,0.2654,280.7956,277.2246,66.4963,-158.5251,44.9447,-97.0311,ice_free_river_snow_free_land,Landsat confirmed at 30m. ST_B10=278.66K NDSI=-0.1987.,0.479,10,Grasslands
2023-09-25,LC80700152023268LGN00,2068,6301,65.01182,-149.71115,0.1321,0.0929,0.1729,0.0866,277.9773,277.0411,67.374,159.934,53.381,47.962,ice_free_river_snow_free_land,Landsat confirmed at 30m. ST_B10=278.67K NDSI=-0.3046.,0.5849,1,Evergreen Needleleaf Forests
2023-09-25,LC80700152023268LGN00,2084,6454,64.95777,-149.19426,0.4705,0.0736,0.0754,0.0769,277.2057,275.9881,67.25,160.47,52.886,48.63,ice_free_river_snow_free_land,Landsat confirmed at 30m. ST_B10=278.88K NDSI=-0.5416.,0.4638,9,Savannas
2023-09-25,LC80700152023268LGN00,2102,6282,64.89696,-149.77534,0.107,0.0896,0.1539,0.1256,278.135,275.946,67.273,159.845,53.775,48.164,ice_free_river_snow_free_land,Landsat confirmed at 30m. ST_B10=279.43K NDSI=-0.5291.,0.476,8,Woody Savannas
2023-09-25,LC80700152023268LGN00,2118,6257,64.84291,-149.8598,0.3952,0.1046,0.1321,0.1058,278.2685,276.3671,67.236,159.749,54.014,47.982,ice_free_river_snow_free_land,Landsat confirmed at 30m. ST_B10=279.21K NDSI=-0.3533.,0.3027,1,Evergreen Needleleaf Forests
2023-09-25,LC80700152023268LGN00,2139,7031,64.77196,-147.24493,0.1445,0.096,0.1909,0.1284,279.2293,276.8094,66.818,162.489,50.843,50.145,ice_free_river_snow_free_land,Landsat confirmed at 30m. ST_B10=280.37K NDSI=-0.4687.,0.5304,8,Woody Savannas
2023-09-25,LC80700152023268LGN00,2192,7069,64.59291,-147.11655,0.0706,0.1141,0.1732,0.1114,278.8775,275.7599,66.632,162.593,51.164,50.574,ice_free_river_snow_land,Landsat confirmed at 30m. ST_B10=277.87K NDSI=0.4934.,0.4555,1,Evergreen Needleleaf Forests
2023-09-25,LC80700152023268LGN00,2228,6126,64.47128,-150.30236,0.0856,0.0889,0.1757,0.1098,277.407,275.2159,66.955,159.202,55.525,48.013,ice_free_river_snow_free_land,Landsat confirmed at 30m. ST_B10=278.39K NDSI=-0.5443.,0.4364,9,Savannas
2023-09-25,LC80700152023268LGN00,2323,6031,64.15034,-150.62331,0.0544,0.0936,0.1226,0.0413,275.4586,274.6894,66.708,158.806,56.689,46.826,ice_free_river_snow_free_land,Landsat confirmed at 30m. ST_B10=276.57K NDSI=-0.3128.,0.5448,9,Savannas
2023-09-25,LC80700152023268LGN00,2366,5861,64.00507,-151.19764,0.1054,0.1044,0.2347,0.1533,277.6182,275.8406,66.665,158.168,57.681,46.72,ice_free_river_snow_free_land,Landsat confirmed at 30m. ST_B10=278.4K NDSI=-0.5784.,0.5737,8,Woody Savannas
2023-09-25,LC80700152023268LGN00,2464,6653,63.67399,-148.52196,0.0569,0.0849,0.1502,0.1156,277.7177,275.3738,65.953,160.921,55.442,49.392,ice_free_river_snow_free_land,Landsat confirmed at 30m. ST_B10=278.86K NDSI=-0.5795.,0.568,9,Savannas
2023-09-25,LC80700152023268LGN00,2540,6245,63.41723,-149.90034,0.0875,0.148,0.1795,0.1441,280.1902,274.0505,65.918,159.409,57.71,48.134,ice_free_river_snow_free_land,Landsat confirmed at 30m. ST_B10=275.66K NDSI=-0.0647.,0.1078,10,Grasslands
2024-04-27,LC80710142024118LGN00,1723,6692,66.17648,-148.38995,0.0958,0.1222,0.1709,0.0582,276.1744,273.7241,53.758,155.165,50.265,47.704,ice_covered_river_snow_free_land,Landsat confirmed at 30m. ST_B10=274.79K NDSI=0.0679 APPROVED.,0.2762,8,Woody Savannas
2024-04-27,LC80710142024118LGN00,1749,6565,66.08865,-148.819,0.1049,0.2999,0.3138,0.0464,276.2545,272.4851,53.752,154.643,51.056,46.903,ice_covered_river_snow_covered_land,Landsat confirmed at 30m. ST_B10=273.86K NDSI=0.9728 APPROVED.,0.0079,9,Savannas
2024-04-27,LC80710142024118LGN00,1847,6245,65.75756,-149.90008,0.1723,0.159,0.2136,0.0569,275.5435,273.0116,53.647,153.255,53.32,46.358,ice_covered_river_snow_covered_land,Landsat confirmed at 30m. ST_B10=274.6K NDSI=0.8071 APPROVED.,0.0678,9,Savannas
2024-04-27,LC80710142024118LGN00,2058,5722,65.04473,-151.66698,0.2484,0.2312,0.2368,0.0407,276.502,272.8887,53.363,150.933,57.135,44.137,ice_covered_river_snow_covered_land,Landsat confirmed at 30m. ST_B10=275.91K NDSI=0.7278 APPROVED. RECLASSIFIED: visual GEE inspection confirms snow on land (NDSI=0.728). Was ice_covered_river_snow_FREE_land.,-0.0467,8,Woody Savannas
2024-04-27,LC80710142024118LGN00,2164,6467,64.68662,-149.15008,0.098,0.0838,0.1248,0.1204,281.8839,277.5184,52.567,153.704,55.346,46.907,ice_free_river_snow_free_land,Landsat confirmed at 30m. ST_B10=283.97K NDSI=-0.6257 APPROVED.,0.362,8,Woody Savannas
2025-04-20,LC90730162025110LGN00,2680,4996,62.94418,-154.11865,0.0837,0.09,0.1269,0.1077,284.2861,279.3893,51.117,-177.586,8.967,67.436,ice_free_river_snow_free_land,Landsat confirmed at 30m. ST_B10=280.61K NDSI=-0.2416 APPROVED.,0.2989,9,Savannas
2025-04-20,LC90730162025110LGN00,2733,4797,62.76512,-154.79094,0.172,0.0726,0.1234,0.059,280.1077,277.4096,50.928,-178.436,11.947,69.297,ice_covered_river_snow_free_land,Landsat confirmed at 30m. ST_B10=279.03K NDSI=-0.4165 APPROVED.,0.3377,8,Woody Savannas
2025-04-20,LC90730162025110LGN00,2809,4486,62.50836,-155.84162,0.0551,0.12,0.1885,0.1472,284.7278,278.1924,50.664,-179.754,16.398,66.422,ice_covered_river_snow_free_land,Landsat confirmed at 30m. ST_B10=278.71K NDSI=-0.2887 APPROVED.,0.1552,8,Woody Savannas
2025-04-20,LC90730162025110LGN00,2862,4765,62.32931,-154.89905,0.2905,0.3591,0.3656,0.0537,278.0331,273.8048,50.492,-178.591,13.775,66.687,ice_covered_river_snow_free_land,Landsat confirmed at 30m. ST_B10=276.82K NDSI=0.3156 APPROVED.,0.0482,9,Savannas
2025-04-20,LC90730162025110LGN00,2891,4911,62.23134,-154.40581,0.1296,0.2791,0.327,0.1181,285.1936,279.5297,50.4,-177.977,12.368,68.362,ice_covered_river_snow_free_land,Landsat confirmed at 30m. ST_B10=280.93K NDSI=-0.1132 APPROVED.,0.115,8,Woody Savannas
2025-04-20,LC90730162025110LGN00,2972,4868,61.95769,-154.55108,0.0957,0.3329,0.363,0.0495,278.7271,275.3387,50.125,-178.18,13.803,67.709,ice_covered_river_snow_covered_land,Landsat confirmed at 30m. ST_B10=274.33K NDSI=0.9721 APPROVED.,0.0411,9,Savannas
2025-04-20,LC90730162025110LGN00,2993,4918,61.88674,-154.38216,0.5308,0.1396,0.1424,0.1083,290.4421,282.3376,50.056,-177.97,13.436,68.216,ice_free_river_snow_free_land,Landsat confirmed at 30m. ST_B10=285.21K NDSI=-0.0569 APPROVED.,-0.0148,10,Grasslands
2024-11-18,LC09_L1TP_074019_20241118_20241118_02_T1,3810,3901,59.12736,-157.82047,0.2508,0.3223,0.5441,0.2601,267.2879,262.7583,81.9773,-152.365,59.1818,-90.5864,ice_covered_river_snow_free_land,Landsat confirmed at 30m. ST_B10=263.13K NDSI=0.0349.,0.3786,7,Open Shrublands
2024-11-18,LC09_L1TP_074019_20241118_20241118_02_T1,3822,3711,59.08682,-158.46236,0.802,0.2379,0.2909,0.1569,269.3749,266.9698,81.7896,-152.9557,58.0693,-91.218,ice_covered_river_snow_free_land,Landsat confirmed at 30m. ST_B10=265.63K NDSI=0.1268.,-0.0204,10,Grasslands
2024-11-18,LC09_L1TP_074019_20241118_20241118_02_T1,3856,3622,58.97196,-158.76304,0.2418,0.2625,0.3641,0.1787,270.6944,266.4517,81.6168,-153.2334,57.5122,-91.4669,ice_covered_river_snow_free_land,Landsat confirmed at 30m. ST_B10=264.62K NDSI=0.0456.,0.1808,10,Grasslands
2024-11-18,LC09_L1TP_074019_20241118_20241118_02_T1,3892,3764,58.85034,-158.28331,0.0678,0.1819,0.3629,0.2134,267.7084,265.2264,81.6156,-152.7941,58.3336,-91.4214,ice_covered_river_snow_free_land,Landsat confirmed at 30m. ST_B10=264.05K NDSI=-0.0009.,0.295,7,Open Shrublands
2024-11-18,LC09_L1TP_074019_20241118_20241118_02_T1,3902,3801,58.81655,-158.15831,0.0939,0.197,0.4016,0.2662,268.3286,265.5677,81.616,-152.6782,58.5468,-91.1097,ice_covered_river_snow_free_land,Landsat confirmed at 30m. ST_B10=264.21K NDSI=-0.0552.,0.3267,10,Grasslands
2024-11-18,LC09_L1TP_074019_20241118_20241118_02_T1,3932,3795,58.7152,-158.17858,0.1273,0.1685,0.2298,0.1361,266.4338,265.5528,81.5204,-152.6926,58.5006,-90.8597,ice_covered_river_snow_free_land,Landsat confirmed at 30m. ST_B10=264.06K NDSI=-0.0423.,0.4048,10,Grasslands
2024-11-18,LC09_L1TP_074019_20241118_20241118_02_T1,3975,3501,58.56993,-159.17182,0.0797,0.124,0.0889,0.032,266.6594,265.1896,81.1525,-153.6118,56.6682,-92.0233,ice_covered_river_snow_free_land,Landsat confirmed at 30m. ST_B10=265.97K NDSI=-0.0781.,0.4093,9,Savannas
2024-11-18,LC09_L1TP_074019_20241118_20241118_02_T1,4011,3569,58.44831,-158.94209,0.0619,0.1674,0.3055,0.2176,268.6766,266.3671,81.0979,-153.3987,57.0672,-91.738,ice_covered_river_snow_free_land,Landsat confirmed at 30m. ST_B10=265.08K NDSI=-0.069.,0.1629,11,Permanent Wetlands
2024-11-18,LC09_L1TP_074019_20241118_20241118_02_T1,4024,3590,58.40439,-158.87115,0.116,0.2153,0.3719,0.3081,274.6801,263.1591,81.0715,-153.3353,57.1834,-91.8324,ice_covered_river_snow_free_land,Landsat confirmed at 30m. ST_B10=265.67K NDSI=-0.0654.,0.304,11,Permanent Wetlands
2024-11-18,LC09_L1TP_074019_20241118_20241118_02_T1,3830,3634,59.0598,-158.7225,0.1456,0.3426,0.6446,0.4809,274.8596,261.6309,81.7012,-153.2025,57.5914,-91.9028,ice_covered_river_snow_free_land,Landsat confirmed at 30m. ST_B10=263.12K NDSI=-0.027.,0.2319,10,Grasslands
2024-11-18,LC09_L1TP_074019_20241118_20241118_02_T1,3869,3877,58.92804,-157.90155,0.0636,0.195,0.3224,0.2052,267.7769,265.9406,81.7786,-152.4399,59.0116,-90.9131,ice_covered_river_snow_free_land,Landsat confirmed at 30m. ST_B10=262.8K NDSI=0.0174.,0.3449,9,Savannas
2024-11-18,LC09_L1TP_074019_20241118_20241118_02_T1,3877,3882,58.90101,-157.88466,0.1239,0.1876,0.2499,0.1454,266.8544,264.9685,81.7571,-152.4241,59.0362,-90.7301,ice_covered_river_snow_covered_land,Landsat confirmed at 30m. ST_B10=262.53K NDSI=0.1876.,0.1808,9,Savannas
2024-11-18,LC09_L1TP_074019_20241118_20241118_02_T1,3884,3898,58.87736,-157.83061,0.0887,0.2266,0.4106,0.2914,267.888,265.8196,81.7499,-152.3726,59.1275,-90.6902,ice_covered_river_snow_free_land,Landsat confirmed at 30m. ST_B10=263.0K NDSI=-0.0127.,0.2111,9,Savannas
2024-11-18,LC09_L1TP_074019_20241118_20241118_02_T1,3945,3471,58.67128,-159.27318,0.0697,0.1817,0.3067,0.1921,267.7681,266.1915,81.2229,-153.7052,56.5054,-92.0859,ice_covered_river_snow_free_land,Landsat confirmed at 30m. ST_B10=265.12K NDSI=-0.0768.,0.2507,9,Savannas
2024-11-18,LC09_L1TP_074019_20241118_20241118_02_T1,3961,3792,58.61723,-158.18872,0.0585,0.18,0.3394,0.2384,268.3218,265.7124,81.4282,-152.7038,58.4607,-90.9431,ice_covered_river_snow_free_land,Landsat confirmed at 30m. ST_B10=264.18K NDSI=-0.0312.,0.0986,9,Savannas
2024-11-18,LC09_L1TP_074019_20241118_20241118_02_T1,4001,3619,58.48209,-158.77318,0.0501,0.165,0.3029,0.2122,267.7161,265.4804,81.1669,-153.2403,57.391,-91.3349,ice_covered_river_snow_free_land,Landsat confirmed at 30m. ST_B10=264.55K NDSI=-0.0521.,0.5132,9,Savannas
2024-10-01,LC90740122024275LGN00,938,6215,68.83088,-150.00179,0.1171,0.4842,0.5536,0.0915,266.945,263.2742,74.393,154.563,49.405,41.183,ice_free_river_snow_free_land,Landsat confirmed at 30m. ST_B10=267.87K NDSI=0.1949 APPROVED.,-0.0035,7,Open Shrublands
2024-10-01,LC90740122024275LGN00,947,6222,68.80048,-149.97814,0.2324,0.5344,0.6053,0.0905,266.7775,262.8147,74.362,154.58,49.488,41.59,ice_free_river_snow_covered_land,Landsat confirmed at 30m. ST_B10=265.21K NDSI=0.9459 APPROVED.,-0.0283,7,Open Shrublands
2024-10-01,LC90740122024275LGN00,969,6554,68.72615,-148.85652,0.0674,0.8234,0.9653,0.085,264.8306,262.2606,74.13,155.692,48.531,42.599,ice_free_river_snow_covered_land,Landsat confirmed at 30m. ST_B10=265.47K NDSI=0.9855 APPROVED.,-0.022,7,Open Shrublands
2024-10-01,LC90740122024275LGN00,976,6657,68.7025,-148.50855,0.1985,0.2887,0.3365,0.1143,271.9491,267.8643,74.057,156.041,48.231,42.897,ice_free_river_snow_covered_land,Landsat confirmed at 30m. ST_B10=271.89K NDSI=-0.1248 APPROVED.,0.0127,7,Open Shrublands
2024-10-01,LC90740122024275LGN00,997,5257,68.63156,-153.23828,0.0618,0.4139,0.4949,0.1499,270.6235,262.8867,74.741,151.292,53.176,38.307,ice_free_river_snow_covered_land,Landsat confirmed at 30m. ST_B10=267.14K NDSI=0.9563 APPROVED.,0.0024,7,Open Shrublands
2024-10-01,LC90740122024275LGN00,1012,5188,68.58088,-153.47138,0.0824,0.5401,0.6133,0.1029,267.6369,261.9822,74.738,151.048,53.544,38.337,ice_free_river_snow_covered_land,Landsat confirmed at 30m. ST_B10=264.72K NDSI=0.9735 APPROVED.,-0.0108,7,Open Shrublands
2024-10-01,LC90740122024275LGN00,1165,6163,68.06399,-150.17747,0.1299,0.2687,0.2521,0.1276,280.2893,264.956,73.734,154.254,52.133,41.533,ice_covered_river_snow_covered_land,Landsat confirmed at 30m. ST_B10=264.75K NDSI=0.4723 APPROVED.,-0.0447,10,Grasslands
2024-10-01,LC90740122024275LGN00,1205,6263,67.92885,-149.83963,0.0536,0.5636,0.6799,0.5477,284.3991,261.9959,73.562,154.567,52.192,41.947,ice_covered_river_snow_covered_land,Landsat confirmed at 30m. ST_B10=263.61K NDSI=0.1256 APPROVED.,0.72,7,Open Shrublands
2024-10-02,LC80730112024276LGN00,824,5918,69.21385,-151.00508,0.0694,0.1949,0.2405,0.0787,272.1319,270.7764,73.633,168.532,28.03,53.988,ice_free_river_snow_free_land,Landsat confirmed at 30m. ST_B10=273.25K NDSI=-0.2516 APPROVED.,0.4347,7,Open Shrublands
2024-10-02,LC80730112024276LGN00,840,5960,69.15979,-150.86318,0.051,0.1123,0.1813,0.1218,274.7091,272.1462,73.57,168.676,27.97,53.711,ice_free_river_snow_free_land,Landsat confirmed at 30m. ST_B10=273.65K NDSI=-0.5946 APPROVED.,0.2912,7,Open Shrublands
2024-10-02,LC80730112024276LGN00,855,5970,69.10912,-150.8294,0.0978,0.105,0.1505,0.1542,276.1028,272.699,73.518,168.702,28.12,53.91,ice_free_river_snow_free_land,Landsat confirmed at 30m. ST_B10=275.8K NDSI=-0.6114 APPROVED.,0.5368,7,Open Shrublands
2024-10-02,LC80730112024276LGN00,880,6997,69.02466,-147.35981,0.2926,0.1231,0.1317,0.0934,273.7234,270.2885,73.232,172.245,21.052,56.649,ice_free_river_snow_free_land,Landsat confirmed at 30m. ST_B10=268.69K NDSI=-0.7862 APPROVED.,-0.0079,10,Grasslands
2024-10-02,LC80730112024276LGN00,924,6562,68.87601,-148.8294,0.2774,0.4532,0.4798,0.0749,270.5971,267.6433,73.164,170.721,24.955,55.767,ice_free_river_snow_covered_land,Landsat confirmed at 30m. ST_B10=266.58K NDSI=0.9853 APPROVED.,-0.0332,7,Open Shrublands
2024-10-02,LC80730112024276LGN00,945,7013,68.80506,-147.30575,0.0548,0.2873,0.3479,0.1531,276.6017,270.3175,73.013,172.276,21.877,57.115,ice_covered_river_snow_covered_land,Landsat confirmed at 30m. ST_B10=271.32K NDSI=0.4586 APPROVED.,-0.0411,16,Barren
2024-10-02,LC80730112024276LGN00,956,6606,68.7679,-148.68075,0.0916,0.5497,0.5932,0.0562,266.2156,264.4832,73.049,170.864,25.083,56.386,ice_free_river_snow_covered_land,Landsat confirmed at 30m. ST_B10=266.35K NDSI=0.8673 APPROVED.,-0.0367,7,Open Shrublands
2025-10-11,LC90750122025284LGN00,858,4944,69.1011,-154.29676,0.0766,0.2438,0.3335,0.048,266.7402,265.1667,76.551,175.182,15.048,60.825,ice_free_river_snow_covered_land,Landsat confirmed at 30m. ST_B10=266.18K NDSI=0.6767 APPROVED.,0.5012,7,Open Shrublands
2025-10-11,LC90750122025284LGN00,878,5648,69.03353,-151.91838,0.1071,0.1778,0.2611,0.1258,270.1009,268.1502,76.429,177.575,9.252,61.249,ice_free_river_snow_covered_land,Landsat confirmed at 30m. ST_B10=269.88K NDSI=-0.2604 APPROVED.,0.2568,10,Grasslands
2025-10-11,LC90750122025284LGN00,1007,5847,68.59772,-151.24608,0.0654,0.3693,0.4653,0.097,269.9165,267.722,75.986,178.224,9.252,63.647,ice_free_river_snow_covered_land,Landsat confirmed at 30m. ST_B10=268.26K NDSI=0.7787 APPROVED.,0.0508,7,Open Shrublands
2025-10-11,LC90750122025284LGN00,1073,5013,68.37475,-154.06365,0.2096,0.1708,0.2165,0.1165,271.8674,268.3924,75.821,175.358,17.538,59.991,ice_free_river_snow_free_land,Landsat confirmed at 30m. ST_B10=271.08K NDSI=-0.3501 APPROVED.,0.1263,10,Grasslands
2025-10-11,LC90750122025284LGN00,1101,5015,68.28015,-154.05689,0.4343,0.1353,0.1414,0.0915,271.945,268.9119,75.728,175.359,17.905,60.65,ice_free_river_snow_free_land,Landsat confirmed at 30m. ST_B10=270.52K NDSI=-0.3249 APPROVED.,0.1813,10,Grasslands
2025-10-11,LC90750122025284LGN00,1138,4988,68.15515,-154.14811,0.0505,0.1348,0.1915,0.1359,272.4789,268.9365,75.605,175.253,18.672,60.887,ice_free_river_snow_free_land,Landsat confirmed at 30m. ST_B10=270.82K NDSI=-0.611 APPROVED.,0.2024,10,Grasslands
2025-10-11,LC90750122025284LGN00,1172,4874,68.04029,-154.53325,0.0552,0.1302,0.2003,0.117,269.8655,267.7431,75.503,174.865,20.075,59.788,ice_free_river_snow_free_land,Landsat confirmed at 30m. ST_B10=269.36K NDSI=-0.2659 APPROVED.,0.2928,7,Open Shrublands
2025-10-11,LC90750122025284LGN00,1348,5605,67.44569,-152.06365,0.1596,0.0824,0.1166,0.08,271.6272,268.8593,74.85,177.314,16.106,61.722,ice_free_river_snow_free_land,Landsat confirmed at 30m. ST_B10=270.72K NDSI=-0.5641 APPROVED.,0.5554,7,Open Shrublands
2025-10-11,LC90750122025284LGN00,1425,5651,67.18556,-151.90825,0.1528,0.0529,0.1073,0.0511,270.13,269.0453,74.587,177.455,16.722,60.553,ice_free_river_snow_free_land,Landsat confirmed at 30m. ST_B10=271.01K NDSI=-0.2504 APPROVED.,0.7335,9,Savannas
2025-10-11,LC90750122025284LGN00,1056,5796,68.43218,-151.41838,0.1012,0.3355,0.4179,0.1158,269.9607,267.7511,75.824,178.041,10.375,62.893,ice_free_river_snow_covered_land,Landsat confirmed at 30m. ST_B10=268.73K NDSI=0.7682 APPROVED.,0.0534,7,Open Shrublands
2025-10-11,LC90750122025284LGN00,1103,5013,68.2734,-154.06365,0.3549,0.1452,0.1831,0.1656,272.813,268.8508,75.724,175.354,17.936,60.552,ice_free_river_snow_free_land,Landsat confirmed at 30m. ST_B10=270.33K NDSI=-0.5765 APPROVED.,0.1045,10,Grasslands
2025-10-11,LC90750122025284LGN00,1112,5009,68.24299,-154.07716,0.3641,0.0976,0.1185,0.0725,270.6466,268.5472,75.694,175.34,18.089,59.896,ice_free_river_snow_free_land,Landsat confirmed at 30m. ST_B10=270.63K NDSI=-0.9511 APPROVED.,0.2949,10,Grasslands
2025-10-11,LC90750122025284LGN00,1149,5890,68.11799,-151.10081,0.0784,0.6084,0.7659,0.1605,269.0119,265.4861,75.507,178.341,10.788,62.559,ice_covered_river_snow_covered_land,Landsat confirmed at 30m. ST_B10=265.94K NDSI=0.7042 APPROVED.,0.0035,10,Grasslands
2025-10-11,LC90750122025284LGN00,992,5854,68.6484,-151.22244,0.0817,0.3099,0.3917,0.0899,269.5568,267.7834,76.038,178.258,8.959,60.212,ice_free_river_snow_covered_land,Landsat confirmed at 30m. ST_B10=266.37K NDSI=0.7312 APPROVED.,0.0344,7,Open Shrublands
2025-10-11,LC90750122025284LGN00,1005,5844,68.60448,-151.25622,0.1435,0.2855,0.3568,0.081,269.3056,268.457,75.995,178.211,9.251,64.192,ice_free_river_snow_covered_land,Landsat confirmed at 30m. ST_B10=268.9K NDSI=0.8115 APPROVED.,0.0536,7,Open Shrublands
2025-10-11,LC90750122025284LGN00,1065,5782,68.40178,-151.46568,0.3308,0.3524,0.4325,0.1075,270.2277,267.9508,75.796,177.992,10.617,62.052,ice_free_river_snow_covered_land,Landsat confirmed at 30m. ST_B10=268.55K NDSI=0.8747 APPROVED.,0.0633,7,Open Shrublands
2025-10-11,LC90750122025284LGN00,1084,5778,68.33759,-151.47919,0.1554,0.255,0.3284,0.1276,270.6418,267.6326,75.731,177.968,10.945,64.319,ice_free_river_snow_covered_land,Landsat confirmed at 30m. ST_B10=269.8K NDSI=0.4268 APPROVED.,-0.0302,7,Open Shrublands
2025-10-11,LC90750122025284LGN00,1150,5893,68.11461,-151.09068,0.1135,0.5873,0.7182,0.137,267.9893,264.8161,75.505,178.352,10.766,62.395,ice_covered_river_snow_covered_land,Landsat confirmed at 30m. ST_B10=263.99K NDSI=0.779 APPROVED.,-0.0311,10,Grasslands
2025-10-11,LC90750122025284LGN00,992,5854,68.6484,-151.22244,0.0817,0.3099,0.3917,0.0899,269.5568,267.7834,76.038,178.258,8.959,60.212,ice_free_river_snow_covered_land,Landsat confirmed at 30m. ST_B10=266.37K NDSI=0.7312 APPROVED.,0.0344,7,Open Shrublands
2025-10-11,LC90750122025284LGN00,1005,5844,68.60448,-151.25622,0.1435,0.2855,0.3568,0.081,269.3056,268.457,75.995,178.211,9.251,64.192,ice_free_river_snow_covered_land,Landsat confirmed at 30m. ST_B10=268.9K NDSI=0.8115 APPROVED.,0.0536,7,Open Shrublands
2025-10-11,LC90750122025284LGN00,1065,5782,68.40178,-151.46568,0.3308,0.3524,0.4325,0.1075,270.2277,267.9508,75.796,177.992,10.617,62.052,ice_free_river_snow_covered_land,Landsat confirmed at 30m. ST_B10=268.55K NDSI=0.8747 APPROVED.,0.0633,7,Open Shrublands
2025-10-11,LC90750122025284LGN00,1084,5778,68.33759,-151.47919,0.1554,0.255,0.3284,0.1276,270.6418,267.6326,75.731,177.968,10.945,64.319,ice_free_river_snow_covered_land,Landsat confirmed at 30m. ST_B10=269.8K NDSI=0.4268 APPROVED.,-0.0302,7,Open Shrublands
2025-10-11,LC90750122025284LGN00,1150,5893,68.11461,-151.09068,0.1135,0.5873,0.7182,0.137,267.9893,264.8161,75.505,178.352,10.766,62.395,ice_covered_river_snow_covered_land,Landsat confirmed at 30m. ST_B10=263.99K NDSI=0.779 APPROVED.,-0.0311,10,Grasslands
2025-10-11,LC90750122025284LGN00,1056,5796,68.43218,-151.41838,0.1012,0.3355,0.4179,0.1158,269.9607,267.7511,75.824,178.041,10.375,62.893,ice_free_river_snow_covered_land,Landsat confirmed at 30m. ST_B10=268.73K NDSI=0.7682 APPROVED.,0.0534,7,Open Shrublands
2025-10-11,LC90750122025284LGN00,1103,5013,68.2734,-154.06365,0.3549,0.1452,0.1831,0.1656,272.813,268.8508,75.724,175.354,17.936,60.552,ice_free_river_snow_free_land,Landsat confirmed at 30m. ST_B10=270.33K NDSI=-0.5765 APPROVED.,0.1045,10,Grasslands
2025-10-11,LC90750122025284LGN00,1112,5009,68.24299,-154.07716,0.3641,0.0976,0.1185,0.0725,270.6466,268.5472,75.694,175.34,18.089,59.896,ice_free_river_snow_free_land,Landsat confirmed at 30m. ST_B10=270.63K NDSI=-0.9511 APPROVED.,0.2949,10,Grasslands
2025-10-11,LC90750122025284LGN00,1149,5890,68.11799,-151.10081,0.0784,0.6084,0.7659,0.1605,269.0119,265.4861,75.507,178.341,10.788,62.559,ice_covered_river_snow_covered_land,Landsat confirmed at 30m. ST_B10=265.94K NDSI=0.7042 APPROVED.,0.0035,10,Grasslands
2024-11-21,LC08_L1TP_071019_20241121_20241127_02_T1,4064,4178,58.26899,-156.88345,0.134,0.271,0.4793,0.3075,269.3802,266.9007,81.8777,-152.4818,58.3477,-90.5514,ice_covered_river_snow_free_land,Landsat confirmed at 30m. ST_B10=268.79K NDSI=0.0517.,0.238,7,Open Shrublands
2024-11-21,LC08_L1TP_071019_20241121_20241127_02_T1,4022,4207,58.41088,-156.78547,0.0729,0.3038,0.4876,0.238,268.7964,266.1286,82.0261,-152.4039,58.5244,-91.1745,ice_covered_river_snow_free_land,Landsat confirmed at 30m. ST_B10=268.03K NDSI=0.0769.,0.0619,9,Savannas
2024-11-21,LC08_L1TP_071019_20241121_20241127_02_T1,4056,4181,58.29601,-156.87331,0.1515,0.3227,0.5061,0.2025,268.9793,266.8178,81.9043,-152.4771,58.3609,-90.7115,ice_covered_river_snow_covered_land,Landsat confirmed at 30m. ST_B10=268.95K NDSI=0.2729.,0.0865,10,Grasslands
2024-11-21,LC08_L1TP_071019_20241121_20241127_02_T1,4065,4349,58.26561,-156.30574,0.1624,0.2381,0.3184,0.1394,268.5762,266.3019,82.0129,-151.9627,59.3425,-90.5914,ice_covered_river_snow_free_land,Landsat confirmed at 30m. ST_B10=270.31K NDSI=0.0359.,0.0312,10,Grasslands
2024-11-21,LC08_L1TP_071019_20241121_20241127_02_T1,4106,4213,58.12709,-156.7652,0.5232,0.2335,0.2158,0.1492,268.2292,265.7218,81.778,-152.379,58.519,-90.9127,ice_covered_river_snow_free_land,Landsat confirmed at 30m. ST_B10=268.13K NDSI=0.1234.,0.0625,10,Grasslands
2024-11-21,LC08_L1TP_071020_20241121_20241127_02_T1,4027,4167,58.39318,-156.92128,0.0768,0.3615,0.5212,0.2057,267.6221,265.6695,81.9812,-152.5215,58.2953,-90.6355,ice_covered_river_snow_covered_land,NDSI=0.059. No thermal � ice status unknown.,0.1831,9,Savannas
2024-11-21,LC08_L1TP_071020_20241121_20241127_02_T1,4108,4174,58.11953,-156.89764,0.1073,0.234,0.4069,0.3564,269.7418,267.4096,81.7394,-152.5004,58.2803,-90.9687,ice_covered_river_snow_free_land,Landsat confirmed at 30m. ST_B10=269.45K NDSI=-0.024.,0.1842,10,Grasslands
2024-11-21,LC08_L1TP_071020_20241121_20241127_02_T1,4198,4168,57.81547,-156.91791,0.2618,0.1825,0.2911,0.1975,269.8241,268.3302,81.4563,-152.5249,58.1719,-91.5817,ice_covered_river_snow_free_land,Landsat confirmed at 30m. ST_B10=269.74K NDSI=0.0024.,0.104,9,Savannas
2024-11-21,LC08_L1TP_071020_20241121_20241127_02_T1,4224,4207,57.72764,-156.78615,0.1598,0.1771,0.2539,0.1445,269.087,267.5008,81.4114,-152.3974,58.4056,-91.0506,ice_covered_river_snow_free_land,Landsat confirmed at 30m. ST_B10=269.06K NDSI=0.0279.,0.1437,9,Savannas
2024-11-21,LC08_L1TP_071020_20241121_20241127_02_T1,4186,4150,57.85601,-156.97872,0.2553,0.2002,0.3082,0.2026,270.1309,267.795,81.4811,-152.5713,58.089,-90.7938,ice_covered_river_snow_free_land,Landsat confirmed at 30m. ST_B10=268.86K NDSI=0.0846.,0.1464,9,Savannas
2024-11-21,LC08_L1TP_071020_20241121_20241127_02_T1,4062,4209,58.27493,-156.77939,0.1173,0.2742,0.4643,0.2577,269.8257,267.8053,81.9075,-152.3907,58.5258,-90.4564,ice_covered_river_snow_free_land,Landsat confirmed at 30m. ST_B10=268.74K NDSI=-0.017.,0.1394,10,Grasslands
2024-11-21,LC08_L1TP_071020_20241121_20241127_02_T1,4078,4173,58.22088,-156.90101,0.0573,0.2596,0.4397,0.3357,270.0088,266.7697,81.8278,-152.5106,58.2816,-91.4741,ice_covered_river_snow_free_land,Landsat confirmed at 30m. ST_B10=268.98K NDSI=-0.0238.,0.2034,10,Grasslands
2024-11-21,LC08_L1TP_071020_20241121_20241127_02_T1,4106,4220,58.12628,-156.74223,0.1136,0.2433,0.4408,0.4223,271.8237,267.9677,81.7806,-152.3628,58.5509,-91.3007,ice_covered_river_snow_free_land,Landsat confirmed at 30m. ST_B10=269.19K NDSI=-0.0235.,0.1056,10,Grasslands
2024-11-21,LC08_L1TP_071020_20241121_20241127_02_T1,4111,4138,58.10939,-157.01926,0.0912,0.2933,0.3927,0.2377,268.8697,266.2263,81.6986,-152.6172,58.0486,-91.4425,ice_covered_river_snow_covered_land,Landsat confirmed at 30m. ST_B10=269.59K NDSI=0.1379.,0.1789,9,Savannas
2024-11-21,LC08_L1TP_071020_20241121_20241127_02_T1,4121,4192,58.07561,-156.83682,0.1203,0.2128,0.3803,0.2686,269.817,267.4493,81.7142,-152.4444,58.3823,-90.6605,ice_covered_river_snow_free_land,Landsat confirmed at 30m. ST_B10=269.65K NDSI=-0.0088.,0.4079,9,Savannas
2024-11-21,LC08_L1TP_071020_20241121_20241127_02_T1,4160,4109,57.94385,-157.11723,0.2404,0.1747,0.1882,0.1043,268.6296,266.7382,81.5245,-152.7052,57.84,-91.3484,ice_covered_river_snow_free_land,Landsat confirmed at 30m. ST_B10=268.66K NDSI=0.0454.,0.0726,9,Savannas
2024-11-21,LC08_L1TP_071020_20241121_20241127_02_T1,4181,4168,57.87291,-156.91791,0.0566,0.195,0.3129,0.2189,269.9253,267.7865,81.5106,-152.5166,58.2005,-90.8442,ice_covered_river_snow_free_land,Landsat confirmed at 30m. ST_B10=269.96K NDSI=-0.0023.,0.1188,9,Savannas
2024-11-21,LC08_L1TP_071020_20241121_20241127_02_T1,4183,4174,57.86615,-156.89764,0.2305,0.1937,0.2744,0.1875,269.6237,267.5645,81.511,-152.4969,58.2384,-90.7943,ice_covered_river_snow_free_land,Landsat confirmed at 30m. ST_B10=269.94K NDSI=0.0509.,0.0489,9,Savannas
2024-11-21,LC08_L1TP_071020_20241121_20241127_02_T1,4199,4105,57.81209,-157.13074,0.0658,0.1879,0.3322,0.2204,270.1148,267.957,81.4013,-152.7201,57.7832,-91.7616,ice_covered_river_snow_free_land,Landsat confirmed at 30m. ST_B10=269.84K NDSI=0.0216.,0.1515,9,Savannas
2024-11-28,LC08_L1TP_072018_20241128_20241203_02_T1,3686,4432,59.54466,-156.02439,0.1234,0.3897,0.5491,0.0987,260.9461,259.5782,83.9486,-154.5076,56.7815,-91.8491,ice_covered_river_snow_free_land,Landsat confirmed at 30m. ST_B10=257.23K NDSI=0.1732.,0.0318,7,Open Shrublands
2024-11-28,LC08_L1TP_072018_20241128_20241203_02_T1,3736,4163,59.37574,-156.93318,0.1387,0.2163,0.427,0.1333,260.5711,259.6064,83.5986,-155.3386,55.0441,-92.9473,ice_covered_river_snow_free_land,Landsat confirmed at 30m. ST_B10=256.39K NDSI=-0.0077.,0.3321,9,Savannas
2024-11-28,LC08_L1TP_072018_20241128_20241203_02_T1,3748,4339,59.3352,-156.33858,0.1456,0.2289,0.3367,0.1153,261.5676,259.6412,83.6894,-154.7969,56.1544,-92.2006,ice_covered_river_snow_free_land,Landsat confirmed at 30m. ST_B10=258.95K NDSI=0.0291.,0.3404,9,Savannas
2024-11-28,LC08_L1TP_072019_20241128_20241203_02_T1,3703,4378,59.48966,-156.20777,0.1772,0.2373,0.3878,0.1318,262.3723,260.4724,83.8565,-154.6724,56.4398,-91.6888,ice_covered_river_snow_free_land,Landsat confirmed at 30m. ST_B10=259.67K NDSI=0.0687.,0.0279,9,Savannas
2024-11-28,LC08_L1TP_072019_20241128_20241203_02_T1,3747,4298,59.34101,-156.47804,0.2275,0.2078,0.3605,0.129,262.1922,259.0822,83.6614,-154.924,55.8961,-92.3536,ice_covered_river_snow_covered_land,Landsat confirmed at 30m. ST_B10=258.11K NDSI=0.0293.,0.0959,9,Savannas
2024-11-28,LC08_L1TP_072019_20241128_20241203_02_T1,3764,4112,59.28358,-157.10642,0.2733,0.2332,0.3783,0.1566,261.9948,259.8738,83.4755,-155.4948,54.6849,-92.699,ice_covered_river_snow_covered_land,Landsat confirmed at 30m. ST_B10=256.62K NDSI=0.0167.,0.1088,9,Savannas
2024-11-28,LC08_L1TP_072019_20241128_20241203_02_T1,3809,4389,59.13155,-156.17061,0.0799,0.212,0.3649,0.0793,260.9956,260.1114,83.5367,-154.648,56.4144,-92.0966,ice_covered_river_snow_free_land,Landsat confirmed at 30m. ST_B10=259.33K NDSI=0.0355.,0.1229,9,Savannas
2024-11-28,LC08_L1TP_072019_20241128_20241203_02_T1,3915,3962,58.77345,-157.61318,0.0596,0.2258,0.4373,0.1883,263.0989,261.0508,82.8972,-155.9637,53.4985,-93.3292,ice_covered_river_snow_free_land,Landsat confirmed at 30m. ST_B10=258.09K NDSI=-0.0028.,0.4066,9,Savannas
2024-11-28,LC08_L1TP_072019_20241128_20241203_02_T1,3934,4231,58.70926,-156.70439,0.0692,0.2288,0.3895,0.0947,262.3677,261.2039,83.0323,-155.1391,55.2856,-92.5078,ice_covered_river_snow_free_land,Landsat confirmed at 30m. ST_B10=258.98K NDSI=0.0364.,0.2839,9,Savannas
2024-11-28,LC08_L1TP_072019_20241128_20241203_02_T1,3949,4182,58.65858,-156.86993,0.1124,0.2416,0.4566,0.1109,261.0914,260.6283,82.9487,-155.2893,54.9491,-92.6989,ice_covered_river_snow_covered_land,Landsat confirmed at 30m. ST_B10=258.41K NDSI=0.0465.,0.2731,10,Grasslands
2024-11-28,LC08_L1TP_072019_20241128_20241203_02_T1,3980,4160,58.55385,-156.94426,0.1184,0.2415,0.4206,0.1204,262.6133,261.1449,82.8354,-155.3601,54.7655,-92.7997,ice_covered_river_snow_free_land,Landsat confirmed at 30m. ST_B10=259.23K NDSI=0.0183.,0.1586,10,Grasslands
2024-11-28,LC08_L1TP_072019_20241128_20241203_02_T1,3998,4086,58.49304,-157.19426,0.0701,0.2451,0.4834,0.1333,263.0544,261.1723,82.7271,-155.5826,54.2592,-92.523,ice_covered_river_snow_free_land,Landsat confirmed at 30m. ST_B10=258.87K NDSI=0.0105.,0.3341,9,Savannas
2024-11-28,LC08_L1TP_072019_20241128_20241203_02_T1,4054,4134,58.30385,-157.03209,0.0839,0.2504,0.4481,0.0955,263.1279,261.7992,82.5835,-155.4432,54.5072,-93.1668,ice_covered_river_snow_free_land,Landsat confirmed at 30m. ST_B10=259.75K NDSI=0.0554.,0.2799,9,Savannas
2024-11-28,LC08_L1TP_072019_20241128_20241203_02_T1,4105,4163,58.13155,-156.93412,0.102,0.2895,0.4842,0.0962,265.9801,262.621,82.4486,-155.3517,54.6561,-92.6482,ice_covered_river_snow_covered_land,Landsat confirmed at 30m. ST_B10=260.21K NDSI=0.0978.,0.1716,10,Grasslands
2024-11-28,LC08_L1TP_072019_20241128_20241203_02_T1,4154,4020,57.96601,-157.41723,0.0963,0.2481,0.4379,0.0655,263.681,262.4301,82.1888,-155.7952,53.6037,-93.1658,ice_covered_river_snow_free_land,Landsat confirmed at 30m. ST_B10=261.03K NDSI=0.0653.,0.3398,9,Savannas
2024-11-29,LC09_L1TP_071019_20241129_20241129_02_T1,4109,4155,58.11764,-156.96034,0.6471,0.2471,0.2083,0.0374,265.043,262.6827,82.8522,-154.3754,57.6225,-91.9582,ice_covered_river_snow_covered_land,Landsat confirmed at 30m. ST_B10=264.76K NDSI=0.125.,0.1268,9,Savannas
2024-11-29,LC09_L1TP_071020_20241129_20241129_02_T1,4202,4389,57.80169,-156.16993,0.64,0.1534,0.0938,0.0171,273.0897,272.2493,82.7485,-153.6574,58.9922,-91.1954,ice_free_river_snow_free_land,Landsat confirmed at 30m. ST_B10=273.92K NDSI=0.0694.,0.4607,9,Savannas
2024-11-29,LC09_L1TP_071019_20241129_20241129_02_T1,3720,4358,59.43182,-156.27453,0.2889,0.2037,0.2288,0.0585,260.2552,258.6614,84.2132,-153.726,59.0838,-90.7155,ice_covered_river_snow_covered_land,Landsat confirmed at 30m. ST_B10=264.23K NDSI=0.0352.,0.0522,9,Savannas
2024-11-29,LC09_L1TP_071020_20241129_20241129_02_T1,4054,4164,58.30169,-156.93007,0.1254,0.308,0.453,0.1635,263.0306,260.5309,83.0302,-154.3404,57.7291,-91.7171,ice_covered_river_snow_free_land,Landsat confirmed at 30m. ST_B10=262.36K NDSI=0.034.,0.126,10,Grasslands
2024-11-29,LC09_L1TP_071020_20241129_20241129_02_T1,4098,4146,58.15304,-156.99088,0.2115,0.2555,0.3645,0.147,262.433,260.9172,82.8795,-154.397,57.5849,-91.5436,ice_covered_river_snow_free_land,Landsat confirmed at 30m. ST_B10=262.71K NDSI=0.0624.,0.2978,10,Grasslands
2024-11-29,LC09_L1TP_071020_20241129_20241129_02_T1,4105,4178,58.12939,-156.88277,0.4536,0.2978,0.4697,0.0996,263.2912,261.5979,82.8855,-154.2966,57.7831,-91.3143,ice_covered_river_snow_covered_land,Landsat confirmed at 30m. ST_B10=263.35K NDSI=0.1015.,0.1643,9,Savannas
2024-11-29,LC09_L1TP_071020_20241129_20241129_02_T1,4107,4187,58.12264,-156.85236,0.0999,0.3288,0.5241,0.0752,262.3168,261.1549,82.8825,-154.2704,57.8341,-91.2249,ice_covered_river_snow_free_land,Landsat confirmed at 30m. ST_B10=264.33K NDSI=0.1157.,0.2043,9,Savannas
2024-11-29,LC09_L1TP_071020_20241129_20241129_02_T1,4109,4222,58.11588,-156.73412,0.3726,0.3267,0.5037,0.0616,262.9653,261.5538,82.9055,-154.1639,58.0469,-91.0923,ice_covered_river_snow_covered_land,Landsat confirmed at 30m. ST_B10=264.38K NDSI=0.135.,0.0265,9,Savannas
